timestamp,hand_detected,gesture_detected,gesture_real,paused,game_over
1764273876.237969,1,RIGHT,RIGHT,0,0
1764273876.2538886,1,RIGHT,RIGHT,0,0
1764273876.2858312,1,RIGHT,RIGHT,0,0
1764273876.3200657,1,RIGHT,RIGHT,0,0
1764273876.3539343,1,RIGHT,RIGHT,0,0
1764273876.3859315,1,RIGHT,RIGHT,0,0
1764273876.418987,1,RIGHT,RIGHT,0,0
1764273876.4520411,1,RIGHT,RIGHT,0,0
1764273876.4859972,1,RIGHT,RIGHT,0,0
1764273876.5188854,1,RIGHT,RIGHT,0,0
1764273876.5512853,1,RIGHT,RIGHT,0,0
1764273876.5854404,1,RIGHT,RIGHT,0,0
1764273876.6183465,1,RIGHT,RIGHT,0,0
1764273876.6508486,1,RIGHT,RIGHT,0,0
1764273876.686664,1,RIGHT,RIGHT,0,0
1764273876.7177513,1,RIGHT,RIGHT,0,0
1764273876.751184,1,RIGHT,RIGHT,0,0
1764273876.7860434,1,RIGHT,RIGHT,0,0
1764273876.8170347,1,RIGHT,RIGHT,0,0
1764273876.849969,1,RIGHT,RIGHT,0,0
1764273876.8840733,1,RIGHT,RIGHT,0,0
1764273876.9170187,1,RIGHT,RIGHT,0,0
1764273876.9492235,1,RIGHT,RIGHT,0,0
1764273876.9827702,1,RIGHT,RIGHT,0,0
1764273877.0153923,1,RIGHT,RIGHT,0,0
1764273877.0485003,1,RIGHT,RIGHT,0,0
1764273877.0805707,1,RIGHT,RIGHT,0,0
1764273877.114215,1,RIGHT,RIGHT,0,0
1764273877.146791,1,RIGHT,RIGHT,0,0
1764273877.1814587,1,RIGHT,RIGHT,0,0
1764273877.2154367,1,RIGHT,RIGHT,0,0
1764273877.2503755,1,RIGHT,RIGHT,0,0
1764273877.2837603,1,RIGHT,RIGHT,0,0
1764273877.3165972,1,RIGHT,RIGHT,0,0
1764273877.3489647,1,RIGHT,RIGHT,0,0
1764273877.3827374,1,RIGHT,RIGHT,0,0
1764273877.4150035,1,RIGHT,RIGHT,0,0
1764273877.4490879,1,RIGHT,RIGHT,0,0
1764273877.481083,1,RIGHT,RIGHT,0,0
1764273877.5141847,1,RIGHT,RIGHT,0,0
1764273877.5482633,1,RIGHT,RIGHT,0,0
1764273877.5802617,1,RIGHT,RIGHT,0,0
1764273877.6133897,1,RIGHT,RIGHT,0,0
1764273877.648427,1,RIGHT,RIGHT,0,0
1764273877.6814659,1,RIGHT,RIGHT,0,0
1764273877.7166529,1,RIGHT,RIGHT,0,0
1764273877.7494183,1,RIGHT,RIGHT,0,0
1764273877.7827919,1,RIGHT,RIGHT,0,0
1764273877.815837,1,RIGHT,RIGHT,0,0
1764273877.8493006,1,RIGHT,RIGHT,0,0
1764273877.883087,1,RIGHT,RIGHT,0,0
1764273877.915948,1,RIGHT,RIGHT,0,0
1764273877.9483,1,RIGHT,RIGHT,0,0
1764273877.9810624,1,RIGHT,RIGHT,0,0
1764273878.0170503,1,RIGHT,RIGHT,0,0
1764273878.0485723,1,RIGHT,RIGHT,0,0
1764273878.0822816,1,RIGHT,RIGHT,0,0
1764273878.1148682,1,RIGHT,RIGHT,0,0
1764273878.1495888,1,RIGHT,RIGHT,0,0
1764273878.180743,1,RIGHT,RIGHT,0,0
1764273878.2146158,1,RIGHT,RIGHT,0,0
1764273878.2486038,1,RIGHT,RIGHT,0,0
1764273878.28159,1,RIGHT,RIGHT,0,0
1764273878.3138828,1,RIGHT,RIGHT,0,0
1764273878.3466234,1,RIGHT,RIGHT,0,0
1764273878.3800704,1,RIGHT,RIGHT,0,0
1764273878.4138436,1,RIGHT,RIGHT,0,0
1764273878.447268,1,RIGHT,RIGHT,0,0
1764273878.4809873,1,RIGHT,RIGHT,0,0
1764273878.5149786,1,RIGHT,RIGHT,0,0
1764273878.548323,1,RIGHT,RIGHT,0,0
1764273878.5811613,1,RIGHT,RIGHT,0,0
1764273878.6126845,1,RIGHT,RIGHT,0,0
1764273878.6454551,1,RIGHT,RIGHT,0,0
1764273878.6787367,1,RIGHT,RIGHT,0,0
1764273878.715844,1,RIGHT,RIGHT,0,0
1764273878.7455454,1,RIGHT,RIGHT,0,0
1764273878.7789164,1,RIGHT,RIGHT,0,0
1764273878.8116212,1,RIGHT,RIGHT,0,0
1764273878.8447158,1,RIGHT,RIGHT,0,0
1764273878.878367,1,RIGHT,RIGHT,0,0
1764273878.9108741,1,RIGHT,RIGHT,0,0
1764273878.9437594,1,RIGHT,RIGHT,0,0
1764273878.977576,1,RIGHT,RIGHT,0,0
1764273879.0096846,1,RIGHT,RIGHT,0,0
1764273879.0428193,1,RIGHT,RIGHT,0,0
1764273879.076683,1,RIGHT,RIGHT,0,0
1764273879.108698,1,RIGHT,RIGHT,0,0
1764273879.142095,1,RIGHT,RIGHT,0,0
1764273879.1763206,1,RIGHT,RIGHT,0,0
1764273879.2083344,1,RIGHT,RIGHT,0,0
1764273879.2443454,1,RIGHT,RIGHT,0,0
1764273879.276335,1,RIGHT,RIGHT,0,0
1764273879.3106103,1,RIGHT,RIGHT,0,0
1764273879.343753,1,RIGHT,RIGHT,0,0
1764273879.3777454,1,RIGHT,RIGHT,0,0
1764273879.408798,1,RIGHT,RIGHT,0,0
1764273879.4438868,1,RIGHT,RIGHT,0,0
1764273879.4771438,1,RIGHT,RIGHT,0,0
1764273879.5102375,1,RIGHT,RIGHT,0,0
1764273879.5442626,1,RIGHT,RIGHT,0,0
1764273879.5782716,1,RIGHT,RIGHT,0,0
1764273879.6111543,1,RIGHT,RIGHT,0,0
1764273879.6451244,1,RIGHT,RIGHT,0,0
1764273879.679601,1,RIGHT,RIGHT,0,0
1764273879.7115178,1,RIGHT,RIGHT,0,0
1764273879.7450051,1,RIGHT,RIGHT,0,0
1764273879.7782085,1,RIGHT,RIGHT,0,0
1764273879.8112564,1,RIGHT,RIGHT,0,0
1764273879.8436825,1,RIGHT,RIGHT,0,0
1764273879.8764226,1,RIGHT,RIGHT,0,0
1764273879.909389,1,RIGHT,RIGHT,0,0
1764273879.9418964,1,RIGHT,RIGHT,0,0
1764273879.9761426,1,RIGHT,RIGHT,0,0
1764273880.0087497,1,RIGHT,RIGHT,0,0
1764273880.041027,1,RIGHT,RIGHT,0,0
1764273880.075467,1,RIGHT,RIGHT,0,0
1764273880.1075773,1,RIGHT,RIGHT,0,0
1764273880.1400573,1,RIGHT,RIGHT,0,0
1764273880.1756005,1,RIGHT,RIGHT,0,0
1764273880.2063777,1,RIGHT,RIGHT,0,0
1764273880.2399242,1,RIGHT,RIGHT,0,0
1764273880.2729554,1,RIGHT,RIGHT,0,0
1764273880.3053775,1,RIGHT,RIGHT,0,0
1764273880.337618,1,RIGHT,RIGHT,0,0
1764273880.3722763,1,RIGHT,RIGHT,0,0
1764273880.4051783,1,RIGHT,RIGHT,0,0
1764273880.4385483,1,RIGHT,RIGHT,0,0
1764273880.4723454,1,RIGHT,RIGHT,0,0
1764273880.505279,1,RIGHT,RIGHT,0,0
1764273880.5378168,1,RIGHT,RIGHT,0,0
1764273880.5720537,1,RIGHT,RIGHT,0,0
1764273880.6032736,1,RIGHT,RIGHT,0,0
1764273880.6365094,1,RIGHT,RIGHT,0,0
1764273880.6701322,1,RIGHT,RIGHT,0,0
1764273880.7031717,1,RIGHT,RIGHT,0,0
1764273880.7398129,1,RIGHT,RIGHT,0,0
1764273880.7735884,1,RIGHT,RIGHT,0,0
1764273880.8053877,1,RIGHT,RIGHT,0,0
1764273880.8433166,1,RIGHT,RIGHT,0,0
1764273880.8716152,1,RIGHT,RIGHT,0,0
1764273880.9066353,1,RIGHT,RIGHT,0,0
1764273880.9397616,1,RIGHT,RIGHT,0,0
1764273880.9684653,1,RIGHT,RIGHT,0,0
1764273881.0031168,1,RIGHT,RIGHT,0,0
1764273881.0350118,1,RIGHT,RIGHT,0,0
1764273881.0688052,1,RIGHT,RIGHT,0,0
1764273881.1024787,1,RIGHT,RIGHT,0,0
1764273881.134146,1,RIGHT,RIGHT,0,0
1764273881.1683016,1,RIGHT,RIGHT,0,0
1764273881.2017503,1,RIGHT,RIGHT,0,0
1764273881.2343001,1,RIGHT,RIGHT,0,0
1764273881.2676036,1,RIGHT,RIGHT,0,0
1764273881.3012986,1,RIGHT,RIGHT,0,0
1764273881.333948,1,RIGHT,RIGHT,0,0
1764273881.3667703,1,RIGHT,RIGHT,0,0
1764273881.399734,1,RIGHT,RIGHT,0,0
1764273881.433525,1,RIGHT,RIGHT,0,0
1764273881.467392,1,RIGHT,RIGHT,0,0
1764273881.5003672,1,RIGHT,RIGHT,0,0
1764273881.5327141,1,RIGHT,RIGHT,0,0
1764273881.5641506,1,RIGHT,RIGHT,0,0
1764273881.5999908,1,RIGHT,RIGHT,0,0
1764273881.6318192,1,RIGHT,RIGHT,0,0
1764273881.6646192,1,RIGHT,RIGHT,0,0
1764273881.701791,1,RIGHT,RIGHT,0,0
1764273881.7319283,1,RIGHT,RIGHT,0,0
1764273881.7638474,1,RIGHT,RIGHT,0,0
1764273881.800497,1,RIGHT,RIGHT,0,0
1764273881.8323286,1,RIGHT,RIGHT,0,0
1764273881.8635666,1,RIGHT,RIGHT,0,0
1764273881.9008257,1,RIGHT,RIGHT,0,0
1764273881.931378,1,RIGHT,RIGHT,0,0
1764273881.9634905,1,RIGHT,RIGHT,0,0
1764273882.0001311,1,RIGHT,RIGHT,0,0
1764273882.0327852,1,RIGHT,RIGHT,0,0
1764273882.064519,1,RIGHT,RIGHT,0,0
1764273882.097337,1,RIGHT,RIGHT,0,0
1764273882.132524,1,RIGHT,RIGHT,0,0
1764273882.164193,1,RIGHT,RIGHT,0,0
1764273882.1952658,1,RIGHT,RIGHT,0,0
1764273882.2313418,1,RIGHT,RIGHT,0,0
1764273882.2648675,1,RIGHT,RIGHT,0,0
1764273882.2954364,1,RIGHT,RIGHT,0,0
1764273882.3340597,1,RIGHT,RIGHT,0,0
1764273882.3646362,1,RIGHT,RIGHT,0,0
1764273882.3962061,1,RIGHT,RIGHT,0,0
1764273882.4310548,1,RIGHT,RIGHT,0,0
1764273882.4634652,1,RIGHT,RIGHT,0,0
1764273882.4955394,1,RIGHT,RIGHT,0,0
1764273882.533258,1,RIGHT,RIGHT,0,0
1764273882.5642426,1,RIGHT,RIGHT,0,0
1764273882.5960894,1,RIGHT,RIGHT,0,0
1764273882.6318042,1,RIGHT,RIGHT,0,0
1764273882.6644058,1,RIGHT,RIGHT,0,0
1764273882.697452,1,RIGHT,RIGHT,0,0
1764273882.7281702,1,RIGHT,RIGHT,0,0
1764273882.76493,1,RIGHT,DOWN,0,0
1764273882.7951648,1,RIGHT,DOWN,0,0
1764273882.8273633,1,DOWN,DOWN,0,0
1764273882.8645892,1,DOWN,DOWN,0,0
1764273882.8947585,1,DOWN,DOWN,0,0
1764273882.92784,1,DOWN,DOWN,0,0
1764273882.96343,1,DOWN,DOWN,0,0
1764273882.9955559,1,DOWN,DOWN,0,0
1764273883.027303,1,DOWN,DOWN,0,0
1764273883.064754,1,DOWN,DOWN,0,0
1764273883.0949032,1,DOWN,DOWN,0,0
1764273883.1274233,1,DOWN,DOWN,0,0
1764273883.164225,1,DOWN,DOWN,0,0
1764273883.1957927,1,DOWN,DOWN,0,0
1764273883.2275844,1,DOWN,DOWN,0,0
1764273883.2604187,1,DOWN,DOWN,0,0
1764273883.2963324,1,DOWN,DOWN,0,0
1764273883.3277001,1,DOWN,DOWN,0,0
1764273883.3601289,1,DOWN,DOWN,0,0
1764273883.395844,1,DOWN,DOWN,0,0
1764273883.427921,1,DOWN,DOWN,0,0
1764273883.4607577,1,DOWN,DOWN,0,0
1764273883.4990876,1,DOWN,DOWN,0,0
1764273883.5276237,1,DOWN,DOWN,0,0
1764273883.5594487,1,DOWN,DOWN,0,0
1764273883.59471,1,DOWN,DOWN,0,0
1764273883.6272433,1,DOWN,DOWN,0,0
1764273883.66,1,DOWN,DOWN,0,0
1764273883.696198,1,DOWN,DOWN,0,0
1764273883.728132,1,DOWN,DOWN,0,0
1764273883.7594721,1,DOWN,DOWN,0,0
1764273883.7922635,1,DOWN,DOWN,0,0
1764273883.8278782,1,DOWN,DOWN,0,0
1764273883.8600078,1,DOWN,DOWN,0,0
1764273883.8922126,1,DOWN,DOWN,0,0
1764273883.927256,1,DOWN,DOWN,0,0
1764273883.9590044,1,DOWN,DOWN,0,0
1764273883.9923408,1,DOWN,DOWN,0,0
1764273884.0285685,1,DOWN,DOWN,0,0
1764273884.0596924,1,DOWN,DOWN,0,0
1764273884.092018,1,DOWN,DOWN,0,0
1764273884.1293058,1,DOWN,DOWN,0,0
1764273884.1601267,1,DOWN,DOWN,0,0
1764273884.192217,1,DOWN,DOWN,0,0
1764273884.2287948,1,DOWN,DOWN,0,0
1764273884.2600806,1,DOWN,DOWN,0,0
1764273884.2918432,1,DOWN,DOWN,0,0
1764273884.3299844,1,DOWN,DOWN,0,0
1764273884.360395,1,DOWN,DOWN,0,0
1764273884.3923926,1,DOWN,DOWN,0,0
1764273884.4245758,1,DOWN,DOWN,0,0
1764273884.4592147,1,DOWN,DOWN,0,0
1764273884.49141,1,DOWN,DOWN,0,0
1764273884.5225985,1,DOWN,DOWN,0,0
1764273884.5616448,1,DOWN,DOWN,0,0
1764273884.5906417,1,DOWN,DOWN,0,0
1764273884.6230156,1,DOWN,DOWN,0,0
1764273884.6589782,1,DOWN,DOWN,0,0
1764273884.6917272,1,DOWN,DOWN,0,0
1764273884.7231088,1,DOWN,DOWN,0,0
1764273884.7600565,1,DOWN,DOWN,0,0
1764273884.7927465,1,DOWN,DOWN,0,0
1764273884.8239865,1,DOWN,DOWN,0,0
1764273884.8585148,1,DOWN,DOWN,0,0
1764273884.8920872,1,DOWN,DOWN,0,0
1764273884.9238937,1,DOWN,DOWN,0,0
1764273884.9558277,1,DOWN,DOWN,0,0
1764273884.9913185,1,DOWN,DOWN,0,0
1764273885.0232759,1,DOWN,DOWN,0,0
1764273885.0551944,1,DOWN,DOWN,0,0
1764273885.0913336,1,DOWN,DOWN,0,0
1764273885.1227546,1,DOWN,DOWN,0,0
1764273885.1554196,1,DOWN,DOWN,0,0
1764273885.191362,1,DOWN,DOWN,0,0
1764273885.2241256,1,DOWN,DOWN,0,0
1764273885.2561917,1,DOWN,DOWN,0,0
1764273885.2926602,1,DOWN,DOWN,0,0
1764273885.3234832,1,DOWN,DOWN,0,0
1764273885.355682,1,DOWN,DOWN,0,0
1764273885.3930838,1,DOWN,DOWN,0,0
1764273885.4240005,1,DOWN,DOWN,0,0
1764273885.4556477,1,DOWN,DOWN,0,0
1764273885.4884696,1,DOWN,DOWN,0,0
1764273885.525572,1,DOWN,DOWN,0,0
1764273885.5551078,1,DOWN,DOWN,0,0
1764273885.5878377,1,DOWN,DOWN,0,0
1764273885.6235023,1,DOWN,DOWN,0,0
1764273885.6567135,1,DOWN,DOWN,0,0
1764273885.6869388,1,DOWN,DOWN,0,0
1764273885.7234018,1,DOWN,DOWN,0,0
1764273885.755681,1,DOWN,DOWN,0,0
1764273885.7871566,1,DOWN,DOWN,0,0
1764273885.8243835,1,DOWN,DOWN,0,0
1764273885.8551815,1,DOWN,DOWN,0,0
1764273885.887812,1,DOWN,DOWN,0,0
1764273885.9254072,1,DOWN,DOWN,0,0
1764273885.955802,1,DOWN,DOWN,0,0
1764273885.9872375,1,DOWN,DOWN,0,0
1764273886.0234945,1,DOWN,DOWN,0,0
1764273886.0557764,1,DOWN,DOWN,0,0
1764273886.0878532,1,DOWN,DOWN,0,0
1764273886.1193402,1,DOWN,DOWN,0,0
1764273886.1563928,1,DOWN,DOWN,0,0
1764273886.1873252,1,DOWN,DOWN,0,0
1764273886.2196815,1,DOWN,DOWN,0,0
1764273886.2555695,1,DOWN,DOWN,0,0
1764273886.2877114,1,DOWN,DOWN,0,0
1764273886.3192496,1,DOWN,DOWN,0,0
1764273886.3572905,1,DOWN,DOWN,0,0
1764273886.3877406,1,DOWN,DOWN,0,0
1764273886.4195454,1,DOWN,DOWN,0,0
1764273886.4561265,1,DOWN,DOWN,0,0
1764273886.4879453,1,DOWN,DOWN,0,0
1764273886.5197496,1,DOWN,DOWN,0,0
1764273886.5581105,1,DOWN,DOWN,0,0
1764273886.5879416,1,DOWN,DOWN,0,0
1764273886.6200147,1,DOWN,DOWN,0,0
1764273886.6513183,1,DOWN,DOWN,0,0
1764273886.6881716,1,DOWN,DOWN,0,0
1764273886.71968,1,DOWN,DOWN,0,0
1764273886.7514877,1,DOWN,DOWN,0,0
1764273886.7877054,1,DOWN,DOWN,0,0
1764273886.8191946,1,DOWN,DOWN,0,0
1764273886.8509881,1,DOWN,DOWN,0,0
1764273886.89046,1,DOWN,DOWN,0,0
1764273886.9199414,1,DOWN,DOWN,0,0
1764273886.9510105,1,DOWN,DOWN,0,0
1764273886.9876757,1,DOWN,DOWN,0,0
1764273887.0200229,1,DOWN,DOWN,0,0
1764273887.0512168,1,DOWN,DOWN,0,0
1764273887.0890036,1,DOWN,DOWN,0,0
1764273887.1193194,1,DOWN,DOWN,0,0
1764273887.1516542,1,DOWN,DOWN,0,0
1764273887.1839855,1,DOWN,DOWN,0,0
1764273887.220355,1,DOWN,DOWN,0,0
1764273887.2513957,1,DOWN,LEFT,0,0
1764273887.2830906,1,DOWN,LEFT,0,0
1764273887.3202744,1,LEFT,LEFT,0,0
1764273887.3510408,1,LEFT,LEFT,0,0
1764273887.3835423,1,LEFT,LEFT,0,0
1764273887.4194446,1,LEFT,LEFT,0,0
1764273887.4516113,1,LEFT,LEFT,0,0
1764273887.4837186,1,LEFT,LEFT,0,0
1764273887.5202334,1,LEFT,LEFT,0,0
1764273887.5515056,1,LEFT,LEFT,0,0
1764273887.5840943,1,LEFT,LEFT,0,0
1764273887.6208851,1,LEFT,LEFT,0,0
1764273887.6519015,1,LEFT,LEFT,0,0
1764273887.684284,1,LEFT,LEFT,0,0
1764273887.721079,1,LEFT,LEFT,0,0
1764273887.7513628,1,LEFT,LEFT,0,0
1764273887.7832463,1,LEFT,LEFT,0,0
1764273887.8160546,1,LEFT,LEFT,0,0
1764273887.8505456,1,LEFT,LEFT,0,0
1764273887.8832657,1,LEFT,LEFT,0,0
1764273887.9161887,1,LEFT,LEFT,0,0
1764273887.951827,1,LEFT,LEFT,0,0
1764273887.983177,1,LEFT,LEFT,0,0
1764273888.0174327,1,LEFT,LEFT,0,0
1764273888.0510223,1,LEFT,LEFT,0,0
1764273888.083893,1,LEFT,LEFT,0,0
1764273888.116802,1,LEFT,LEFT,0,0
1764273888.151086,1,LEFT,LEFT,0,0
1764273888.1841464,1,LEFT,LEFT,0,0
1764273888.2171257,1,LEFT,LEFT,0,0
1764273888.2512007,1,LEFT,LEFT,0,0
1764273888.2831988,1,LEFT,LEFT,0,0
1764273888.317414,1,LEFT,LEFT,0,0
1764273888.3476834,1,LEFT,LEFT,0,0
1764273888.3835182,1,LEFT,LEFT,0,0
1764273888.4154627,1,LEFT,LEFT,0,0
1764273888.4474652,1,LEFT,LEFT,0,0
1764273888.48654,1,LEFT,LEFT,0,0
1764273888.514791,1,LEFT,LEFT,0,0
1764273888.5477846,1,LEFT,LEFT,0,0
1764273888.5850072,1,LEFT,LEFT,0,0
1764273888.6157327,1,LEFT,LEFT,0,0
1764273888.6480792,1,LEFT,LEFT,0,0
1764273888.6830857,1,LEFT,LEFT,0,0
1764273888.7156434,1,LEFT,LEFT,0,0
1764273888.7472243,1,LEFT,LEFT,0,0
1764273888.7852888,1,LEFT,LEFT,0,0
1764273888.8153782,1,LEFT,LEFT,0,0
1764273888.847594,1,LEFT,LEFT,0,0
1764273888.8786192,1,LEFT,LEFT,0,0
1764273888.9161942,1,LEFT,LEFT,0,0
1764273888.9467525,1,LEFT,LEFT,0,0
1764273888.9791183,1,LEFT,LEFT,0,0
1764273889.016569,1,LEFT,LEFT,0,0
1764273889.047799,1,LEFT,LEFT,0,0
1764273889.0795453,1,LEFT,LEFT,0,0
1764273889.1168234,1,LEFT,LEFT,0,0
1764273889.1478708,1,LEFT,LEFT,0,0
1764273889.1801636,1,LEFT,LEFT,0,0
1764273889.2170842,1,LEFT,LEFT,0,0
1764273889.2471697,1,LEFT,LEFT,0,0
1764273889.2800546,1,LEFT,LEFT,0,0
1764273889.316993,1,LEFT,LEFT,0,0
1764273889.347173,1,LEFT,LEFT,0,0
1764273889.379563,1,LEFT,LEFT,0,0
1764273889.4156053,1,LEFT,LEFT,0,0
1764273889.4474301,1,LEFT,LEFT,0,0
1764273889.479368,1,LEFT,LEFT,0,0
1764273889.5124269,1,LEFT,LEFT,0,0
1764273889.547463,1,LEFT,LEFT,0,0
1764273889.5797799,1,LEFT,LEFT,0,0
1764273889.6116304,1,LEFT,LEFT,0,0
1764273889.6490386,1,LEFT,LEFT,0,0
1764273889.6798031,1,LEFT,LEFT,0,0
1764273889.711522,1,LEFT,LEFT,0,0
1764273889.7479732,1,LEFT,LEFT,0,0
1764273889.7790587,1,LEFT,LEFT,0,0
1764273889.8112721,1,LEFT,LEFT,0,0
1764273889.8491278,1,LEFT,LEFT,0,0
1764273889.879454,1,LEFT,LEFT,0,0
1764273889.911237,1,LEFT,LEFT,0,0
1764273889.9484487,1,LEFT,LEFT,0,0
1764273889.9794447,1,LEFT,LEFT,0,0
1764273890.0112696,1,LEFT,LEFT,0,0
1764273890.0426097,1,LEFT,LEFT,0,0
1764273890.0805147,1,LEFT,LEFT,0,0
1764273890.111861,1,LEFT,LEFT,0,0
1764273890.143787,1,LEFT,LEFT,0,0
1764273890.1796153,1,LEFT,LEFT,0,0
1764273890.210891,1,LEFT,LEFT,0,0
1764273890.2441998,1,LEFT,LEFT,0,0
1764273890.2811391,1,LEFT,LEFT,0,0
1764273890.3111582,1,LEFT,LEFT,0,0
1764273890.3431087,1,LEFT,LEFT,0,0
1764273890.3796492,1,LEFT,LEFT,0,0
1764273890.4119525,1,LEFT,LEFT,0,0
1764273890.4433222,1,LEFT,LEFT,0,0
1764273890.480924,1,LEFT,LEFT,0,0
1764273890.5103447,1,LEFT,LEFT,0,0
1764273890.5439906,1,LEFT,LEFT,0,0
1764273890.574636,1,LEFT,LEFT,0,0
1764273890.6118395,1,LEFT,LEFT,0,0
1764273890.6459732,1,LEFT,LEFT,0,0
1764273890.675745,1,LEFT,LEFT,0,0
1764273890.711945,1,LEFT,LEFT,0,0
1764273890.743061,1,LEFT,LEFT,0,0
1764273890.7758012,1,LEFT,LEFT,0,0
1764273890.812133,1,LEFT,LEFT,0,0
1764273890.8432934,1,LEFT,LEFT,0,0
1764273890.8751798,1,LEFT,LEFT,0,0
1764273890.9120688,1,LEFT,LEFT,0,0
1764273890.9434555,1,LEFT,LEFT,0,0
1764273890.9757123,1,LEFT,LEFT,0,0
1764273891.010729,1,LEFT,LEFT,0,0
1764273891.0434332,1,LEFT,LEFT,0,0
1764273891.0756605,1,LEFT,LEFT,0,0
1764273891.111499,1,LEFT,LEFT,0,0
1764273891.1436923,1,LEFT,LEFT,0,0
1764273891.175789,1,LEFT,LEFT,0,0
1764273891.2068405,1,LEFT,LEFT,0,0
1764273891.2438972,1,LEFT,LEFT,0,0
1764273891.27512,1,LEFT,LEFT,0,0
1764273891.3074448,1,LEFT,LEFT,0,0
1764273891.3438,1,LEFT,LEFT,0,0
1764273891.3758986,1,LEFT,LEFT,0,0
1764273891.40757,1,LEFT,LEFT,0,0
1764273891.4440176,1,LEFT,LEFT,0,0
1764273891.4752867,1,LEFT,LEFT,0,0
1764273891.5063536,1,LEFT,LEFT,0,0
1764273891.5433476,1,LEFT,LEFT,0,0
1764273891.5754,1,LEFT,LEFT,0,0
1764273891.6065753,1,LEFT,LEFT,0,0
1764273891.6463094,1,LEFT,LEFT,0,0
1764273891.6755512,1,LEFT,LEFT,0,0
1764273891.7075698,1,LEFT,LEFT,0,0
1764273891.7389019,1,LEFT,LEFT,0,0
1764273891.775875,1,LEFT,LEFT,0,0
1764273891.8079426,1,LEFT,LEFT,0,0
1764273891.845013,1,LEFT,LEFT,0,0
1764273891.8760798,1,LEFT,LEFT,0,0
1764273891.9078321,1,LEFT,LEFT,0,0
1764273891.9400513,1,LEFT,LEFT,0,0
1764273891.9767444,1,LEFT,LEFT,0,0
1764273892.0077183,1,LEFT,LEFT,0,0
1764273892.0384572,1,LEFT,LEFT,0,0
1764273892.0752103,1,LEFT,LEFT,0,0
1764273892.106377,1,LEFT,LEFT,0,0
1764273892.1393044,1,LEFT,LEFT,0,0
1764273892.1755915,1,LEFT,LEFT,0,0
1764273892.208633,1,LEFT,LEFT,0,0
1764273892.2398071,1,LEFT,LEFT,0,0
1764273892.2718463,1,LEFT,LEFT,0,0
1764273892.3080575,1,LEFT,LEFT,0,0
1764273892.3390243,1,LEFT,LEFT,0,0
1764273892.3710232,1,LEFT,LEFT,0,0
1764273892.4081135,1,LEFT,LEFT,0,0
1764273892.4399707,1,LEFT,LEFT,0,0
1764273892.4713032,1,LEFT,LEFT,0,0
1764273892.507107,1,LEFT,LEFT,0,0
1764273892.539111,1,LEFT,LEFT,0,0
1764273892.5721953,1,LEFT,LEFT,0,0
1764273892.6066368,1,LEFT,LEFT,0,0
1764273892.6394355,1,LEFT,LEFT,0,0
1764273892.6713216,1,LEFT,LEFT,0,0
1764273892.7093885,1,LEFT,LEFT,0,0
1764273892.738807,1,LEFT,LEFT,0,0
1764273892.7707474,1,LEFT,LEFT,0,0
1764273892.80775,1,LEFT,LEFT,0,0
1764273892.8398204,1,LEFT,LEFT,0,0
1764273892.8710175,1,LEFT,LEFT,0,0
1764273892.9036052,1,LEFT,LEFT,0,0
1764273892.9391136,1,LEFT,LEFT,0,0
1764273892.9709425,1,LEFT,LEFT,0,0
1764273893.0032768,1,LEFT,LEFT,0,0
1764273893.0394068,1,LEFT,LEFT,0,0
1764273893.0720453,1,LEFT,LEFT,0,0
1764273893.104338,1,LEFT,LEFT,0,0
1764273893.139437,1,LEFT,LEFT,0,0
1764273893.171523,1,LEFT,LEFT,0,0
1764273893.2033784,1,LEFT,LEFT,0,0
1764273893.2394674,1,LEFT,LEFT,0,0
1764273893.27092,1,LEFT,LEFT,0,0
1764273893.3036308,1,LEFT,LEFT,0,0
1764273893.3396304,1,LEFT,LEFT,0,0
1764273893.3709176,1,LEFT,LEFT,0,0
1764273893.4030247,1,LEFT,LEFT,0,0
1764273893.4348845,1,LEFT,LEFT,0,0
1764273893.472012,1,LEFT,LEFT,0,0
1764273893.5033362,1,LEFT,LEFT,0,0
1764273893.5344172,1,LEFT,LEFT,0,0
1764273893.5713289,1,LEFT,LEFT,0,0
1764273893.6024904,1,LEFT,LEFT,0,0
1764273893.6355443,1,LEFT,LEFT,0,0
1764273893.671442,1,LEFT,LEFT,0,0
1764273893.7033472,1,LEFT,LEFT,0,0
1764273893.735483,1,LEFT,LEFT,0,0
1764273893.7707534,1,LEFT,LEFT,0,0
1764273893.8034668,1,LEFT,LEFT,0,0
1764273893.8347638,1,LEFT,LEFT,0,0
1764273893.8716197,1,LEFT,LEFT,0,0
1764273893.9028263,1,LEFT,LEFT,0,0
1764273893.935991,1,LEFT,LEFT,0,0
1764273893.9722915,1,LEFT,LEFT,0,0
1764273894.002895,1,LEFT,LEFT,0,0
1764273894.0350628,1,LEFT,LEFT,0,0
1764273894.0668967,1,LEFT,LEFT,0,0
1764273894.1045861,1,LEFT,LEFT,0,0
1764273894.1358109,1,LEFT,LEFT,0,0
1764273894.1668432,1,LEFT,LEFT,0,0
1764273894.2024791,1,LEFT,LEFT,0,0
1764273894.2354496,1,LEFT,LEFT,0,0
1764273894.26661,1,LEFT,LEFT,0,0
1764273894.3042777,1,LEFT,LEFT,0,0
1764273894.3362699,1,LEFT,LEFT,0,0
1764273894.36679,1,LEFT,LEFT,0,0
1764273894.4045558,1,LEFT,LEFT,0,0
1764273894.43569,1,LEFT,LEFT,0,0
1764273894.467799,1,LEFT,UP,0,0
1764273894.5049262,1,LEFT,UP,0,0
1764273894.5364351,1,LEFT,UP,0,0
1764273894.56671,1,LEFT,UP,0,0
1764273894.599849,0,NONE,UP,0,0
1764273894.6497786,1,RIGHT,UP,0,0
1764273894.6664095,1,RIGHT,UP,0,0
1764273894.6995945,1,UP,UP,0,0
1764273894.7364671,1,UP,UP,0,0
1764273894.7669075,1,UP,UP,0,0
1764273894.800334,1,UP,UP,0,0
1764273894.8343196,1,UP,UP,0,0
1764273894.8673787,1,UP,UP,0,0
1764273894.8996365,1,UP,UP,0,0
1764273894.9360478,1,UP,UP,0,0
1764273894.9675937,1,UP,UP,0,0
1764273894.9997697,1,UP,UP,0,0
1764273895.0374544,1,UP,UP,0,0
1764273895.0670915,1,UP,UP,0,0
1764273895.0991938,1,UP,UP,0,0
1764273895.1310954,1,UP,UP,0,0
1764273895.1683285,1,UP,UP,0,0
1764273895.1994543,1,UP,UP,0,0
1764273895.2328932,1,UP,UP,0,0
1764273895.2673035,1,UP,UP,0,0
1764273895.2994096,1,UP,UP,0,0
1764273895.3307927,1,UP,UP,0,0
1764273895.3682046,1,UP,UP,0,0
1764273895.399707,1,UP,UP,0,0
1764273895.4318025,1,UP,UP,0,0
1764273895.4687219,1,UP,UP,0,0
1764273895.4998171,1,UP,UP,0,0
1764273895.5324395,1,UP,UP,0,0
1764273895.5675097,1,UP,UP,0,0
1764273895.5996943,1,UP,UP,0,0
1764273895.631507,1,UP,UP,0,0
1764273895.668861,1,UP,UP,0,0
1764273895.6993523,1,UP,UP,0,0
1764273895.731319,1,UP,UP,0,0
1764273895.7633114,1,UP,UP,0,0
1764273895.8003623,1,UP,UP,0,0
1764273895.8315864,1,UP,UP,0,0
1764273895.8650594,1,UP,UP,0,0
1764273895.8990233,1,UP,UP,0,0
1764273895.9307125,1,UP,UP,0,0
1764273895.963493,1,UP,UP,0,0
1764273896.0014029,1,UP,UP,0,0
1764273896.03137,1,UP,UP,0,0
1764273896.0640283,1,UP,UP,0,0
1764273896.0997906,1,UP,UP,0,0
1764273896.131693,1,UP,UP,0,0
1764273896.163494,1,UP,UP,0,0
1764273896.2007911,1,UP,UP,0,0
1764273896.232654,1,UP,UP,0,0
1764273896.263233,1,UP,UP,0,0
1764273896.2951992,1,UP,UP,0,0
1764273896.3313332,1,UP,UP,0,0
1764273896.3622668,1,UP,UP,0,0
1764273896.395555,1,UP,UP,0,0
1764273896.4318647,1,UP,UP,0,0
1764273896.463652,1,UP,UP,0,0
1764273896.4960709,1,UP,UP,0,0
1764273896.5317626,1,UP,UP,0,0
1764273896.5629783,1,UP,UP,0,0
1764273896.5945077,1,UP,UP,0,0
1764273896.6337922,1,UP,UP,0,0
1764273896.6639595,1,UP,UP,0,0
1764273896.6964562,1,UP,UP,0,0
1764273896.731197,1,UP,UP,0,0
1764273896.763311,1,UP,UP,0,0
1764273896.795218,1,UP,UP,0,0
1764273896.8270552,1,UP,UP,0,0
1764273896.8635833,1,UP,UP,0,0
1764273896.8948164,1,UP,UP,0,0
1764273896.9275541,1,UP,UP,0,0
1764273896.963744,1,UP,UP,0,0
1764273896.9957578,1,UP,UP,0,0
1764273897.0267444,1,UP,UP,0,0
1764273897.0639617,1,UP,UP,0,0
1764273897.0949771,1,UP,UP,0,0
1764273897.127,1,UP,UP,0,0
1764273897.163125,1,UP,UP,0,0
1764273897.1961203,1,UP,UP,0,0
1764273897.2264361,1,UP,UP,0,0
1764273897.2652128,1,UP,UP,0,0
1764273897.2948773,1,UP,UP,0,0
1764273897.3277247,1,UP,RIGHT,0,0
1764273897.365617,1,UP,RIGHT,0,0
1764273897.3943129,1,UP,RIGHT,0,0
1764273897.4267676,1,UP,UP,0,0
1764273897.4586208,1,UP,UP,0,0
1764273897.4962747,1,UP,UP,0,0
1764273897.5266678,1,UP,UP,0,0
1764273897.5595655,1,UP,UP,0,0
1764273897.5950363,1,UP,UP,0,0
1764273897.6261697,1,UP,UP,0,0
1764273897.6590936,1,UP,UP,0,0
1764273897.69722,1,UP,UP,0,0
1764273897.727069,1,UP,UP,0,0
1764273897.7592165,1,UP,UP,0,0
1764273897.7981694,1,UP,UP,0,0
1764273897.8265054,1,UP,UP,0,0
1764273897.8595052,1,UP,UP,0,0
1764273897.8965862,1,UP,UP,0,0
1764273897.927483,1,UP,UP,0,0
1764273897.9594748,1,UP,UP,0,0
1764273897.9915402,1,UP,UP,0,0
1764273898.027605,1,UP,UP,0,0
1764273898.0597453,1,UP,UP,0,0
1764273898.0908515,1,UP,UP,0,0
1764273898.1278167,1,UP,UP,0,0
1764273898.1598687,1,UP,UP,0,0
1764273898.1911528,1,UP,UP,0,0
1764273898.22999,1,UP,UP,0,0
1764273898.259222,1,UP,UP,0,0
1764273898.2922306,1,UP,UP,0,0
1764273898.3282125,1,UP,UP,0,0
1764273898.3584592,1,UP,UP,0,0
1764273898.3915982,1,UP,UP,0,0
1764273898.4283266,1,UP,UP,0,0
1764273898.459484,1,UP,UP,0,0
1764273898.4906256,1,UP,UP,0,0
1764273898.5234885,1,UP,UP,0,0
1764273898.5603647,1,UP,UP,0,0
1764273898.590322,1,UP,UP,0,0
1764273898.622563,1,UP,UP,0,0
1764273898.661827,1,UP,UP,0,0
1764273898.6907156,1,UP,UP,0,0
1764273898.723972,1,UP,UP,0,0
1764273898.7611756,1,UP,UP,0,0
1764273898.7910833,1,UP,UP,0,0
1764273898.8241537,1,UP,UP,0,0
1764273898.8600945,1,UP,UP,0,0
1764273898.8906012,1,UP,UP,0,0
1764273898.9246604,1,UP,UP,0,0
1764273898.9594905,1,UP,UP,0,0
1764273898.991836,1,UP,UP,0,0
1764273899.0236936,1,UP,UP,0,0
1764273899.0597088,1,UP,UP,0,0
1764273899.0907423,1,UP,UP,0,0
1764273899.1245363,1,UP,UP,0,0
1764273899.1559355,1,UP,UP,0,0
1764273899.1927776,1,UP,UP,0,0
1764273899.2237246,1,UP,UP,0,0
1764273899.255879,1,UP,UP,0,0
1764273899.293838,1,UP,UP,0,0
1764273899.3232896,1,UP,UP,0,0
1764273899.3544288,1,UP,UP,0,0
1764273899.3915644,1,UP,UP,0,0
1764273899.424108,1,UP,UP,0,0
1764273899.4553516,1,UP,UP,0,0
1764273899.4925115,1,UP,UP,0,0
1764273899.5226552,1,UP,UP,0,0
1764273899.555711,1,UP,UP,0,0
1764273899.5915554,1,UP,UP,0,0
1764273899.624365,1,UP,UP,0,0
1764273899.6557107,1,UP,UP,0,0
1764273899.6875513,1,UP,UP,0,0
1764273899.724971,1,UP,RIGHT,0,0
1764273899.7549565,1,UP,RIGHT,0,0
1764273899.7869732,1,RIGHT,RIGHT,0,0
1764273899.825997,1,RIGHT,RIGHT,0,0
1764273899.8553288,1,RIGHT,RIGHT,0,0
1764273899.8865137,1,RIGHT,RIGHT,0,0
1764273899.9230804,1,RIGHT,RIGHT,0,0
1764273899.9545248,1,RIGHT,RIGHT,0,0
1764273899.9874635,1,RIGHT,RIGHT,0,0
1764273900.0236301,1,RIGHT,RIGHT,0,0
1764273900.055493,1,RIGHT,RIGHT,0,0
1764273900.086398,1,RIGHT,RIGHT,0,0
1764273900.123847,1,RIGHT,RIGHT,0,0
1764273900.154909,1,RIGHT,RIGHT,0,0
1764273900.1868534,1,RIGHT,RIGHT,0,0
1764273900.2196405,1,RIGHT,RIGHT,0,0
1764273900.2549691,1,RIGHT,RIGHT,0,0
1764273900.2866075,1,RIGHT,RIGHT,0,0
1764273900.3183722,1,RIGHT,RIGHT,0,0
1764273900.3547614,1,RIGHT,RIGHT,0,0
1764273900.386183,1,RIGHT,RIGHT,0,0
1764273900.4192822,1,RIGHT,RIGHT,0,0
1764273900.4543622,1,RIGHT,RIGHT,0,0
1764273900.4872088,1,RIGHT,RIGHT,0,0
1764273900.5193353,1,RIGHT,RIGHT,0,0
1764273900.5544353,1,RIGHT,RIGHT,0,0
1764273900.586484,1,RIGHT,RIGHT,0,0
1764273900.6187336,1,RIGHT,RIGHT,0,0
1764273900.6556997,1,RIGHT,RIGHT,0,0
1764273900.6868887,1,RIGHT,RIGHT,0,0
1764273900.7202182,1,RIGHT,RIGHT,0,0
1764273900.7565534,1,RIGHT,RIGHT,0,0
1764273900.7866638,1,RIGHT,RIGHT,0,0
1764273900.8187418,1,RIGHT,RIGHT,0,0
1764273900.8510895,1,RIGHT,RIGHT,0,0
1764273900.8878505,1,RIGHT,RIGHT,0,0
1764273900.9190547,1,RIGHT,RIGHT,0,0
1764273900.9512992,1,RIGHT,RIGHT,0,0
1764273900.9879422,1,RIGHT,RIGHT,0,0
1764273901.0193212,1,RIGHT,RIGHT,0,0
1764273901.0513494,1,RIGHT,RIGHT,0,0
1764273901.0866692,1,RIGHT,RIGHT,0,0
1764273901.1186872,1,RIGHT,RIGHT,0,0
1764273901.150436,1,RIGHT,RIGHT,0,0
1764273901.1876183,1,RIGHT,RIGHT,0,0
1764273901.2194421,1,RIGHT,RIGHT,0,0
1764273901.2504885,1,RIGHT,RIGHT,0,0
1764273901.286713,1,RIGHT,RIGHT,0,0
1764273901.320082,1,RIGHT,RIGHT,0,0
1764273901.3513672,1,RIGHT,RIGHT,0,0
1764273901.3831744,1,RIGHT,RIGHT,0,0
1764273901.419861,1,RIGHT,RIGHT,0,0
1764273901.450172,1,RIGHT,RIGHT,0,0
1764273901.4836764,1,RIGHT,RIGHT,0,0
1764273901.5194304,1,RIGHT,RIGHT,0,0
1764273901.5521219,1,RIGHT,RIGHT,0,0
1764273901.5832129,1,RIGHT,RIGHT,0,0
1764273901.6207447,1,RIGHT,RIGHT,0,0
1764273901.651738,1,RIGHT,RIGHT,0,0
1764273901.6820877,1,RIGHT,RIGHT,0,0
1764273901.7197094,1,RIGHT,RIGHT,0,0
1764273901.7514682,1,RIGHT,RIGHT,0,0
1764273901.7833905,1,RIGHT,RIGHT,0,0
1764273901.8200057,1,RIGHT,RIGHT,0,0
1764273901.850848,1,RIGHT,RIGHT,0,0
1764273901.8835948,1,RIGHT,RIGHT,0,0
1764273901.9161186,1,RIGHT,RIGHT,0,0
1764273901.9519176,1,RIGHT,RIGHT,0,0
1764273901.982545,1,RIGHT,RIGHT,0,0
1764273902.0161297,1,RIGHT,RIGHT,0,0
1764273902.0520663,1,RIGHT,RIGHT,0,0
1764273902.0830307,1,RIGHT,RIGHT,0,0
1764273902.1162758,1,RIGHT,RIGHT,0,0
1764273902.1515896,1,RIGHT,RIGHT,0,0
1764273902.1832087,1,RIGHT,RIGHT,0,0
1764273902.2162938,1,RIGHT,RIGHT,0,0
1764273902.250748,1,RIGHT,RIGHT,0,0
1764273902.2835033,1,RIGHT,RIGHT,0,0
1764273902.3172748,1,RIGHT,RIGHT,0,0
1764273902.3516116,1,RIGHT,RIGHT,0,0
1764273902.3836265,1,RIGHT,RIGHT,0,0
1764273902.4162037,1,RIGHT,RIGHT,0,0
1764273902.452021,1,RIGHT,RIGHT,0,0
1764273902.4824164,1,RIGHT,RIGHT,0,0
1764273902.5168445,1,RIGHT,RIGHT,0,0
1764273902.5473127,1,RIGHT,RIGHT,0,0
1764273902.5853412,1,RIGHT,RIGHT,0,0
1764273902.6153173,1,RIGHT,RIGHT,0,0
1764273902.6490006,1,RIGHT,RIGHT,0,0
1764273902.6832154,1,RIGHT,RIGHT,0,0
1764273902.7142673,1,RIGHT,RIGHT,0,0
1764273902.7464263,1,RIGHT,RIGHT,0,0
1764273902.784507,1,RIGHT,RIGHT,0,0
1764273902.815482,1,RIGHT,RIGHT,0,0
1764273902.8468442,1,RIGHT,RIGHT,0,0
1764273902.8836205,1,RIGHT,RIGHT,0,0
1764273902.914753,1,RIGHT,RIGHT,0,0
1764273902.9475546,1,RIGHT,RIGHT,0,0
1764273902.9838805,1,RIGHT,RIGHT,0,0
1764273903.0153205,1,RIGHT,RIGHT,0,0
1764273903.0472252,1,RIGHT,RIGHT,0,0
1764273903.0793834,1,RIGHT,RIGHT,0,0
1764273903.1149309,1,RIGHT,RIGHT,0,0
1764273903.1467488,1,RIGHT,RIGHT,0,0
1764273903.1783257,1,RIGHT,RIGHT,0,0
1764273903.2154596,1,RIGHT,RIGHT,0,0
1764273903.2473364,1,RIGHT,RIGHT,0,0
1764273903.279893,1,RIGHT,RIGHT,0,0
1764273903.3155458,1,RIGHT,RIGHT,0,0
1764273903.347708,1,RIGHT,RIGHT,0,0
1764273903.3787518,1,RIGHT,RIGHT,0,0
1764273903.4169052,1,RIGHT,RIGHT,0,0
1764273903.4469414,1,RIGHT,RIGHT,0,0
1764273903.4787514,1,RIGHT,RIGHT,0,0
1764273903.5180764,1,RIGHT,RIGHT,0,0
1764273903.54704,1,RIGHT,RIGHT,0,0
1764273903.5798764,1,RIGHT,RIGHT,0,0
1764273903.6111064,1,RIGHT,RIGHT,0,0
1764273903.647083,1,RIGHT,RIGHT,0,0
1764273903.6794312,1,RIGHT,RIGHT,0,0
1764273903.7113616,1,RIGHT,RIGHT,0,0
1764273903.7464964,1,RIGHT,RIGHT,0,0
1764273903.7784102,1,RIGHT,RIGHT,0,0
1764273903.8107996,1,RIGHT,RIGHT,0,0
1764273903.846728,1,RIGHT,RIGHT,0,0
1764273903.8796184,1,RIGHT,RIGHT,0,0
1764273903.911768,1,RIGHT,RIGHT,0,0
1764273903.9477122,1,RIGHT,RIGHT,0,0
1764273903.9784412,1,RIGHT,RIGHT,0,0
1764273904.0101607,1,RIGHT,RIGHT,0,0
1764273904.0472996,1,RIGHT,RIGHT,0,0
1764273904.0791929,1,RIGHT,RIGHT,0,0
1764273904.1114438,1,RIGHT,RIGHT,0,0
1764273904.1481037,1,RIGHT,RIGHT,0,0
1764273904.1791203,1,RIGHT,RIGHT,0,0
1764273904.2102735,1,RIGHT,RIGHT,0,0
1764273904.2431052,1,RIGHT,RIGHT,0,0
1764273904.2804904,1,RIGHT,RIGHT,0,0
1764273904.3107638,1,RIGHT,RIGHT,0,0
1764273904.3427668,1,RIGHT,RIGHT,0,0
1764273904.3787603,1,RIGHT,RIGHT,0,0
1764273904.410805,1,RIGHT,RIGHT,0,0
1764273904.4427977,1,RIGHT,RIGHT,0,0
1764273904.48006,1,RIGHT,RIGHT,0,0
1764273904.5109715,1,RIGHT,RIGHT,0,0
1764273904.5433805,1,RIGHT,RIGHT,0,0
1764273904.5790732,1,RIGHT,RIGHT,0,0
1764273904.6104288,1,RIGHT,RIGHT,0,0
1764273904.6429863,1,RIGHT,RIGHT,0,0
1764273904.6801977,1,RIGHT,RIGHT,0,0
1764273904.7113621,1,RIGHT,RIGHT,0,0
1764273904.7444532,1,RIGHT,RIGHT,0,0
1764273904.7754638,1,RIGHT,RIGHT,0,0
1764273904.8105805,1,RIGHT,RIGHT,0,0
1764273904.8427546,1,RIGHT,RIGHT,0,0
1764273904.874686,1,RIGHT,RIGHT,0,0
1764273904.9115984,1,RIGHT,RIGHT,0,0
1764273904.94281,1,RIGHT,RIGHT,0,0
1764273904.9751318,1,RIGHT,RIGHT,0,0
1764273905.0108254,1,RIGHT,RIGHT,0,0
1764273905.042801,1,RIGHT,RIGHT,0,0
1764273905.075302,1,RIGHT,RIGHT,0,0
1764273905.111878,1,RIGHT,RIGHT,0,0
1764273905.1432588,1,RIGHT,RIGHT,0,0
1764273905.1762094,1,RIGHT,RIGHT,0,0
1764273905.2132807,1,RIGHT,RIGHT,0,0
1764273905.2424316,1,RIGHT,RIGHT,0,0
1764273905.2752,1,RIGHT,RIGHT,0,0
1764273905.307362,1,RIGHT,RIGHT,0,0
1764273905.34323,1,RIGHT,RIGHT,0,0
1764273905.3753843,1,RIGHT,RIGHT,0,0
1764273905.4074976,1,RIGHT,RIGHT,0,0
1764273905.4422176,1,RIGHT,RIGHT,0,0
1764273905.4748366,1,RIGHT,RIGHT,0,0
1764273905.5078309,1,RIGHT,RIGHT,0,0
1764273905.544957,1,RIGHT,RIGHT,0,0
1764273905.5756352,1,RIGHT,RIGHT,0,0
1764273905.606948,1,RIGHT,RIGHT,0,0
1764273905.6440992,1,RIGHT,RIGHT,0,0
1764273905.6752129,1,RIGHT,RIGHT,0,0
1764273905.7068884,1,RIGHT,RIGHT,0,0
1764273905.7429404,1,RIGHT,RIGHT,0,0
1764273905.7755034,1,RIGHT,RIGHT,0,0
1764273905.8075674,1,RIGHT,RIGHT,0,0
1764273905.843502,1,RIGHT,RIGHT,0,0
1764273905.875507,1,RIGHT,RIGHT,0,0
1764273905.907048,1,RIGHT,RIGHT,0,0
1764273905.9388235,1,RIGHT,RIGHT,0,0
1764273905.9767268,1,RIGHT,RIGHT,0,0
1764273906.0062075,1,RIGHT,RIGHT,0,0
1764273906.038358,1,RIGHT,RIGHT,0,0
1764273906.0756109,1,RIGHT,RIGHT,0,0
1764273906.1068542,1,RIGHT,RIGHT,0,0
1764273906.1390505,1,RIGHT,RIGHT,0,0
1764273906.1782463,1,RIGHT,RIGHT,0,0
1764273906.2069142,1,RIGHT,RIGHT,0,0
1764273906.238762,1,RIGHT,RIGHT,0,0
1764273906.2762976,1,RIGHT,RIGHT,0,0
1764273906.3071473,1,RIGHT,RIGHT,0,0
1764273906.339337,1,RIGHT,RIGHT,0,0
1764273906.3767602,1,RIGHT,RIGHT,0,0
1764273906.4075947,1,RIGHT,RIGHT,0,0
1764273906.4394767,1,RIGHT,RIGHT,0,0
1764273906.4710388,1,RIGHT,RIGHT,0,0
1764273906.508446,1,RIGHT,RIGHT,0,0
1764273906.539061,1,RIGHT,RIGHT,0,0
1764273906.571935,1,RIGHT,RIGHT,0,0
1764273906.6086414,1,RIGHT,RIGHT,0,0
1764273906.6390107,1,RIGHT,RIGHT,0,0
1764273906.6708949,1,RIGHT,RIGHT,0,0
1764273906.7093048,1,RIGHT,RIGHT,0,0
1764273906.7390232,1,RIGHT,RIGHT,0,0
1764273906.7711608,1,RIGHT,RIGHT,0,0
1764273906.8079321,1,RIGHT,RIGHT,0,0
1764273906.8398669,1,RIGHT,RIGHT,0,0
1764273906.8718853,1,RIGHT,RIGHT,0,0
1764273906.9070234,1,RIGHT,RIGHT,0,0
1764273906.9386227,1,RIGHT,RIGHT,0,0
1764273906.9708772,1,RIGHT,RIGHT,0,0
1764273907.0031857,1,RIGHT,RIGHT,0,0
1764273907.0410862,1,RIGHT,RIGHT,0,0
1764273907.070636,1,RIGHT,NONE,0,0
1764273907.1032398,1,RIGHT,DOWN,0,0
1764273907.1396234,1,RIGHT,DOWN,0,0
1764273907.170209,1,RIGHT,DOWN,0,0
1764273907.2030163,1,RIGHT,DOWN,0,0
1764273907.2416615,1,DOWN,DOWN,0,0
1764273907.27164,1,DOWN,DOWN,0,0
1764273907.3033202,1,DOWN,DOWN,0,0
1764273907.3393784,1,DOWN,DOWN,0,0
1764273907.3704798,1,DOWN,DOWN,0,0
1764273907.402549,1,DOWN,DOWN,0,0
1764273907.4395952,1,DOWN,DOWN,0,0
1764273907.4710279,1,DOWN,DOWN,0,0
1764273907.5300128,1,DOWN,DOWN,0,0
1764273907.545522,1,DOWN,DOWN,0,0
1764273907.577162,1,DOWN,DOWN,0,0
1764273907.612915,1,DOWN,DOWN,0,0
1764273907.6438968,1,DOWN,DOWN,0,0
1764273907.6777308,1,DOWN,DOWN,0,0
1764273907.7111053,1,DOWN,DOWN,0,0
1764273907.744224,1,DOWN,DOWN,0,0
1764273907.776618,1,DOWN,DOWN,0,0
1764273907.8101826,1,DOWN,DOWN,0,0
1764273907.8433623,1,DOWN,DOWN,0,0
1764273907.8762279,1,DOWN,DOWN,0,0
1764273907.9104428,1,DOWN,DOWN,0,0
1764273907.9430656,1,DOWN,DOWN,0,0
1764273907.9760022,1,DOWN,DOWN,0,0
1764273908.0084853,1,DOWN,DOWN,0,0
1764273908.0411887,1,DOWN,DOWN,0,0
1764273908.0756223,1,DOWN,DOWN,0,0
1764273908.1085885,1,DOWN,DOWN,0,0
1764273908.1408186,1,DOWN,DOWN,0,0
1764273908.174522,1,DOWN,DOWN,0,0
1764273908.2075799,1,DOWN,DOWN,0,0
1764273908.2405126,1,DOWN,DOWN,0,0
1764273908.2737274,1,DOWN,DOWN,0,0
1764273908.3070028,1,DOWN,DOWN,0,0
1764273908.339542,1,DOWN,DOWN,0,0
1764273908.3717082,1,DOWN,DOWN,0,0
1764273908.4051344,1,DOWN,DOWN,0,0
1764273908.441342,1,DOWN,DOWN,0,0
1764273908.472164,1,DOWN,DOWN,0,0
1764273908.5060256,1,DOWN,DOWN,0,0
1764273908.5402486,1,DOWN,DOWN,0,0
1764273908.57536,1,DOWN,DOWN,0,0
1764273908.6041603,1,DOWN,DOWN,0,0
1764273908.6379595,1,DOWN,DOWN,0,0
1764273908.6703389,1,DOWN,DOWN,0,0
1764273908.7024374,1,DOWN,DOWN,0,0
1764273908.7357676,1,DOWN,DOWN,0,0
1764273908.76902,1,DOWN,DOWN,0,0
1764273908.8020194,1,DOWN,DOWN,0,0
1764273908.835739,1,DOWN,DOWN,0,0
1764273908.8684254,1,DOWN,DOWN,0,0
1764273908.9004493,1,DOWN,DOWN,0,0
1764273908.934322,1,DOWN,DOWN,0,0
1764273908.9702966,1,DOWN,DOWN,0,0
1764273909.0005097,1,DOWN,DOWN,0,0
1764273909.0348141,1,DOWN,DOWN,0,0
1764273909.0664985,1,DOWN,DOWN,0,0
1764273909.1003578,1,DOWN,DOWN,0,0
1764273909.1350517,1,DOWN,DOWN,0,0
1764273909.167934,1,DOWN,DOWN,0,0
1764273909.1987462,1,DOWN,DOWN,0,0
1764273909.235017,1,DOWN,DOWN,0,0
1764273909.2669537,1,DOWN,DOWN,0,0
1764273909.2995076,1,DOWN,DOWN,0,0
1764273909.330164,1,DOWN,DOWN,0,0
1764273909.3690917,1,DOWN,DOWN,0,0
1764273909.3979135,1,DOWN,DOWN,0,0
1764273909.4314365,1,DOWN,DOWN,0,0
1764273909.4676752,1,DOWN,DOWN,0,0
1764273909.4980025,1,DOWN,DOWN,0,0
1764273909.532148,1,DOWN,DOWN,0,0
1764273909.5663924,1,DOWN,DOWN,0,0
1764273909.598457,1,DOWN,DOWN,0,0
1764273909.6311898,1,DOWN,DOWN,0,0
1764273909.6677253,1,DOWN,DOWN,0,0
1764273909.6987565,1,DOWN,DOWN,0,0
1764273909.7315474,1,DOWN,DOWN,0,0
1764273909.7669187,1,DOWN,DOWN,0,0
1764273909.798715,1,DOWN,DOWN,0,0
1764273909.8321497,1,DOWN,DOWN,0,0
1764273909.8644054,1,DOWN,DOWN,0,0
1764273909.9021509,1,DOWN,DOWN,0,0
1764273909.9314096,1,DOWN,DOWN,0,0
1764273909.9631386,1,DOWN,DOWN,0,0
1764273910.0002306,1,DOWN,DOWN,0,0
1764273910.0311651,1,DOWN,DOWN,0,0
1764273910.0630853,1,DOWN,DOWN,0,0
1764273910.1006215,1,DOWN,DOWN,0,0
1764273910.1311908,1,DOWN,DOWN,0,0
1764273910.1632917,1,DOWN,DOWN,0,0
1764273910.1998672,1,DOWN,DOWN,0,0
1764273910.2306123,1,DOWN,DOWN,0,0
1764273910.26366,1,DOWN,DOWN,0,0
1764273910.302038,1,DOWN,DOWN,0,0
1764273910.329773,1,DOWN,DOWN,0,0
1764273910.3631744,1,DOWN,DOWN,0,0
1764273910.399164,1,DOWN,DOWN,0,0
1764273910.4314466,1,DOWN,DOWN,0,0
1764273910.4636796,1,DOWN,DOWN,0,0
1764273910.4958334,1,DOWN,DOWN,0,0
1764273910.5337582,1,DOWN,DOWN,0,0
1764273910.5624576,1,DOWN,DOWN,0,0
1764273910.5956185,1,DOWN,DOWN,0,0
1764273910.6313882,1,DOWN,DOWN,0,0
1764273910.6634734,1,DOWN,DOWN,0,0
1764273910.694792,1,DOWN,DOWN,0,0
1764273910.7314289,1,DOWN,DOWN,0,0
1764273910.762708,1,DOWN,DOWN,0,0
1764273910.7948272,1,DOWN,DOWN,0,0
1764273910.8330147,1,DOWN,DOWN,0,0
1764273910.8630967,1,DOWN,DOWN,0,0
1764273910.895076,1,DOWN,DOWN,0,0
1764273910.9339755,1,DOWN,DOWN,0,0
1764273910.9632878,1,DOWN,DOWN,0,0
1764273910.9952264,1,DOWN,DOWN,0,0
1764273911.027083,1,DOWN,DOWN,0,0
1764273911.0651705,1,DOWN,DOWN,0,0
1764273911.0945184,1,DOWN,DOWN,0,0
1764273911.127903,1,DOWN,DOWN,0,0
1764273911.163324,1,DOWN,DOWN,0,0
1764273911.1946654,1,DOWN,DOWN,0,0
1764273911.2267184,1,DOWN,DOWN,0,0
1764273911.2638423,1,DOWN,DOWN,0,0
1764273911.294911,1,DOWN,DOWN,0,0
1764273911.3266017,1,DOWN,DOWN,0,0
1764273911.364929,1,DOWN,DOWN,0,0
1764273911.3946867,1,DOWN,DOWN,0,0
1764273911.4270594,1,DOWN,DOWN,0,0
1764273911.46401,1,DOWN,DOWN,0,0
1764273911.4958556,1,DOWN,DOWN,0,0
1764273911.5270605,1,DOWN,DOWN,0,0
1764273911.5593002,1,DOWN,DOWN,0,0
1764273911.5963802,1,DOWN,DOWN,0,0
1764273911.6273162,1,DOWN,DOWN,0,0
1764273911.6593559,1,DOWN,DOWN,0,0
1764273911.6955886,1,DOWN,DOWN,0,0
1764273911.7273693,1,DOWN,DOWN,0,0
1764273911.7577772,1,DOWN,DOWN,0,0
1764273911.7955732,1,DOWN,DOWN,0,0
1764273911.827506,1,DOWN,DOWN,0,0
1764273911.8587303,1,DOWN,DOWN,0,0
1764273911.89654,1,DOWN,DOWN,0,0
1764273911.926595,1,DOWN,DOWN,0,0
1764273911.9591064,1,DOWN,DOWN,0,0
1764273911.995753,1,DOWN,DOWN,0,0
1764273912.026495,1,DOWN,DOWN,0,0
1764273912.0591075,1,DOWN,DOWN,0,0
1764273912.096954,1,DOWN,DOWN,0,0
1764273912.1272478,1,DOWN,DOWN,0,0
1764273912.1589515,1,DOWN,DOWN,0,0
1764273912.1907187,1,DOWN,DOWN,0,0
1764273912.227557,1,DOWN,DOWN,0,0
1764273912.2588315,1,DOWN,DOWN,0,0
1764273912.2900014,1,DOWN,DOWN,0,0
1764273912.326715,1,DOWN,DOWN,0,0
1764273912.3589525,1,DOWN,DOWN,0,0
1764273912.3920085,1,DOWN,DOWN,0,0
1764273912.4277823,1,DOWN,DOWN,0,0
1764273912.458671,1,DOWN,DOWN,0,0
1764273912.4914334,1,DOWN,LEFT,0,0
1764273912.5281687,1,DOWN,LEFT,0,0
1764273912.5591917,1,DOWN,LEFT,0,0
1764273912.591256,1,LEFT,LEFT,0,0
1764273912.6281283,1,LEFT,LEFT,0,0
1764273912.6585224,1,LEFT,LEFT,0,0
1764273912.6903973,1,LEFT,LEFT,0,0
1764273912.7226546,1,LEFT,LEFT,0,0
1764273912.75864,1,LEFT,LEFT,0,0
1764273912.790796,1,LEFT,LEFT,0,0
1764273912.823412,1,LEFT,LEFT,0,0
1764273912.858969,1,LEFT,LEFT,0,0
1764273912.8920956,1,LEFT,LEFT,0,0
1764273912.9232502,1,LEFT,LEFT,0,0
1764273912.9603636,1,LEFT,LEFT,0,0
1764273912.9928362,1,LEFT,LEFT,0,0
1764273913.0232298,1,LEFT,LEFT,0,0
1764273913.0593035,1,LEFT,LEFT,0,0
1764273913.0903585,1,LEFT,LEFT,0,0
1764273913.122455,1,LEFT,LEFT,0,0
1764273913.1593828,1,LEFT,LEFT,0,0
1764273913.1912327,1,LEFT,LEFT,0,0
1764273913.223292,1,LEFT,LEFT,0,0
1764273913.2553754,1,LEFT,LEFT,0,0
1764273913.2925115,1,LEFT,LEFT,0,0
1764273913.3224764,1,LEFT,LEFT,0,0
1764273913.354143,1,LEFT,LEFT,0,0
1764273913.3916173,1,LEFT,LEFT,0,0
1764273913.4229095,1,LEFT,LEFT,0,0
1764273913.4550734,1,LEFT,LEFT,0,0
1764273913.492839,1,LEFT,LEFT,0,0
1764273913.5230503,1,LEFT,LEFT,0,0
1764273913.5548718,1,LEFT,LEFT,0,0
1764273913.5914953,1,LEFT,LEFT,0,0
1764273913.6230588,1,LEFT,LEFT,0,0
1764273913.6544077,1,LEFT,LEFT,0,0
1764273913.6926906,1,LEFT,LEFT,0,0
1764273913.722487,1,LEFT,LEFT,0,0
1764273913.7553053,1,LEFT,LEFT,0,0
1764273913.7911875,1,LEFT,LEFT,0,0
1764273913.8234885,1,LEFT,LEFT,0,0
1764273913.855511,1,LEFT,LEFT,0,0
1764273913.8875864,1,LEFT,LEFT,0,0
1764273913.9221058,1,LEFT,LEFT,0,0
1764273913.955802,1,LEFT,LEFT,0,0
1764273913.9861302,1,LEFT,LEFT,0,0
1764273914.0238092,1,LEFT,LEFT,0,0
1764273914.0548153,1,LEFT,LEFT,0,0
1764273914.0880704,1,LEFT,LEFT,0,0
1764273914.1241567,1,LEFT,LEFT,0,0
1764273914.155036,1,LEFT,LEFT,0,0
1764273914.186125,1,LEFT,LEFT,0,0
1764273914.225551,1,LEFT,LEFT,0,0
1764273914.2544334,1,LEFT,LEFT,0,0
1764273914.2866068,1,LEFT,LEFT,0,0
1764273914.3237047,1,LEFT,LEFT,0,0
1764273914.3537467,1,LEFT,LEFT,0,0
1764273914.3865895,1,LEFT,LEFT,0,0
1764273914.4179296,1,LEFT,LEFT,0,0
1764273914.455747,1,LEFT,LEFT,0,0
1764273914.487723,1,LEFT,LEFT,0,0
1764273914.519039,1,LEFT,LEFT,0,0
1764273914.5557477,1,LEFT,LEFT,0,0
1764273914.5869977,1,LEFT,LEFT,0,0
1764273914.6190915,1,LEFT,LEFT,0,0
1764273914.655137,1,LEFT,LEFT,0,0
1764273914.6882021,1,LEFT,LEFT,0,0
1764273914.718393,1,LEFT,LEFT,0,0
1764273914.7543964,1,LEFT,LEFT,0,0
1764273914.7864535,1,LEFT,LEFT,0,0
1764273914.817921,1,LEFT,LEFT,0,0
1764273914.8565645,1,LEFT,LEFT,0,0
1764273914.8875701,1,LEFT,LEFT,0,0
1764273914.918759,1,LEFT,LEFT,0,0
1764273914.9507053,1,LEFT,LEFT,0,0
1764273914.9868412,1,LEFT,LEFT,0,0
1764273915.0185962,1,LEFT,LEFT,0,0
1764273915.0508301,1,LEFT,LEFT,0,0
1764273915.0898354,1,LEFT,LEFT,0,0
1764273915.1182895,1,LEFT,LEFT,0,0
1764273915.1503088,1,LEFT,LEFT,0,0
1764273915.1871421,1,LEFT,LEFT,0,0
1764273915.2186084,1,LEFT,LEFT,0,0
1764273915.2501798,1,LEFT,LEFT,0,0
1764273915.2874649,1,LEFT,LEFT,0,0
1764273915.318426,1,LEFT,LEFT,0,0
1764273915.3504224,1,LEFT,LEFT,0,0
1764273915.3873272,1,LEFT,LEFT,0,0
1764273915.417879,1,LEFT,LEFT,0,0
1764273915.4508452,1,LEFT,LEFT,0,0
1764273915.4866054,1,LEFT,LEFT,0,0
1764273915.5189128,1,LEFT,LEFT,0,0
1764273915.5510263,1,LEFT,LEFT,0,0
1764273915.582069,1,LEFT,LEFT,0,0
1764273915.6190658,1,LEFT,LEFT,0,0
1764273915.6506743,1,LEFT,LEFT,0,0
1764273915.6839113,1,LEFT,LEFT,0,0
1764273915.719506,1,LEFT,LEFT,0,0
1764273915.7513666,1,LEFT,LEFT,0,0
1764273915.7824397,1,LEFT,LEFT,0,0
1764273915.8203123,1,LEFT,LEFT,0,0
1764273915.850654,1,LEFT,LEFT,0,0
1764273915.882387,1,LEFT,LEFT,0,0
1764273915.9195075,1,LEFT,LEFT,0,0
1764273915.9508097,1,LEFT,LEFT,0,0
1764273915.9826593,1,LEFT,LEFT,0,0
1764273916.0190253,1,LEFT,LEFT,0,0
1764273916.0508072,1,LEFT,LEFT,0,0
1764273916.0823436,1,LEFT,LEFT,0,0
1764273916.1141734,1,LEFT,LEFT,0,0
1764273916.1520772,1,LEFT,LEFT,0,0
1764273916.1831195,1,LEFT,LEFT,0,0
1764273916.214886,1,LEFT,LEFT,0,0
1764273916.251067,1,LEFT,LEFT,0,0
1764273916.2833571,1,LEFT,LEFT,0,0
1764273916.3150835,1,LEFT,LEFT,0,0
1764273916.3533547,1,LEFT,LEFT,0,0
1764273916.3834116,1,LEFT,LEFT,0,0
1764273916.4150338,1,LEFT,LEFT,0,0
1764273916.451759,1,LEFT,LEFT,0,0
1764273916.4825046,1,LEFT,LEFT,0,0
1764273916.5149093,1,LEFT,LEFT,0,0
1764273916.5507557,1,LEFT,LEFT,0,0
1764273916.582935,1,LEFT,LEFT,0,0
1764273916.615979,1,LEFT,LEFT,0,0
1764273916.6473446,1,LEFT,LEFT,0,0
1764273916.6830041,1,LEFT,LEFT,0,0
1764273916.715218,1,LEFT,LEFT,0,0
1764273916.7481203,1,LEFT,LEFT,0,0
1764273916.7850175,1,LEFT,LEFT,0,0
1764273916.8153718,1,LEFT,LEFT,0,0
1764273916.84697,1,LEFT,LEFT,0,0
1764273916.8854043,1,LEFT,LEFT,0,0
1764273916.914496,1,LEFT,LEFT,0,0
1764273916.9486651,1,LEFT,LEFT,0,0
1764273916.9825017,1,LEFT,LEFT,0,0
1764273917.0155985,1,LEFT,LEFT,0,0
1764273917.047585,1,LEFT,LEFT,0,0
1764273917.08238,1,LEFT,LEFT,0,0
1764273917.1156003,1,LEFT,LEFT,0,0
1764273917.1469924,1,LEFT,LEFT,0,0
1764273917.1842418,1,LEFT,LEFT,0,0
1764273917.2149894,1,LEFT,LEFT,0,0
1764273917.2475464,1,LEFT,LEFT,0,0
1764273917.279198,1,LEFT,LEFT,0,0
1764273917.3160534,1,LEFT,LEFT,0,0
1764273917.3479373,1,LEFT,LEFT,0,0
1764273917.379293,1,LEFT,LEFT,0,0
1764273917.4152534,1,LEFT,LEFT,0,0
1764273917.4476066,1,LEFT,LEFT,0,0
1764273917.4792192,1,LEFT,LEFT,0,0
1764273917.5157948,1,LEFT,LEFT,0,0
1764273917.547372,1,LEFT,LEFT,0,0
1764273917.5787828,1,LEFT,LEFT,0,0
1764273917.614977,1,LEFT,LEFT,0,0
1764273917.646609,1,LEFT,LEFT,0,0
1764273917.6791446,1,LEFT,LEFT,0,0
1764273917.7166047,1,LEFT,LEFT,0,0
1764273917.747384,1,LEFT,LEFT,0,0
1764273917.78035,1,LEFT,LEFT,0,0
1764273917.811002,1,LEFT,LEFT,0,0
1764273917.8482425,1,LEFT,LEFT,0,0
1764273917.8786917,1,LEFT,LEFT,0,0
1764273917.9108355,1,LEFT,LEFT,0,0
1764273917.9479847,1,LEFT,LEFT,0,0
1764273917.9782157,1,LEFT,LEFT,0,0
1764273918.0105395,1,LEFT,LEFT,0,0
1764273918.0478733,1,LEFT,LEFT,0,0
1764273918.0796642,1,LEFT,LEFT,0,0
1764273918.1105468,1,LEFT,LEFT,0,0
1764273918.1484473,1,LEFT,LEFT,0,0
1764273918.1781757,1,LEFT,LEFT,0,0
1764273918.2115018,1,LEFT,LEFT,0,0
1764273918.2492545,1,LEFT,LEFT,0,0
1764273918.278634,1,LEFT,LEFT,0,0
1764273918.310262,1,LEFT,LEFT,0,0
1764273918.3434706,1,LEFT,LEFT,0,0
1764273918.380698,1,LEFT,LEFT,0,0
1764273918.409321,1,LEFT,LEFT,0,0
1764273918.4445734,1,LEFT,LEFT,0,0
1764273918.479746,1,LEFT,LEFT,0,0
1764273918.5115125,1,LEFT,LEFT,0,0
1764273918.5430484,1,LEFT,LEFT,0,0
1764273918.578955,1,LEFT,LEFT,0,0
1764273918.6113539,1,LEFT,LEFT,0,0
1764273918.6418784,1,LEFT,LEFT,0,0
1764273918.6796646,1,LEFT,LEFT,0,0
1764273918.710457,1,LEFT,LEFT,0,0
1764273918.7435644,1,LEFT,LEFT,0,0
1764273918.7801292,1,LEFT,LEFT,0,0
1764273918.8098094,1,LEFT,LEFT,0,0
1764273918.8435237,1,LEFT,LEFT,0,0
1764273918.879889,1,LEFT,LEFT,0,0
1764273918.911445,1,LEFT,LEFT,0,0
1764273918.9439044,1,LEFT,LEFT,0,0
1764273918.9759,1,LEFT,LEFT,0,0
1764273919.0114849,1,LEFT,LEFT,0,0
1764273919.042227,1,LEFT,LEFT,0,0
1764273919.0751145,1,LEFT,LEFT,0,0
1764273919.1100202,1,LEFT,LEFT,0,0
1764273919.1429632,1,LEFT,LEFT,0,0
1764273919.1755052,1,LEFT,LEFT,0,0
1764273919.2107208,1,LEFT,LEFT,0,0
1764273919.2426827,1,LEFT,LEFT,0,0
1764273919.27554,1,LEFT,LEFT,0,0
1764273919.3124473,1,LEFT,LEFT,0,0
1764273919.342725,1,LEFT,LEFT,0,0
1764273919.3752325,1,LEFT,LEFT,0,0
1764273919.4127314,1,LEFT,LEFT,0,0
1764273919.4432983,1,LEFT,LEFT,0,0
1764273919.4755523,1,LEFT,LEFT,0,0
1764273919.5065923,1,LEFT,LEFT,0,0
1764273919.5419235,1,LEFT,LEFT,0,0
1764273919.575554,1,LEFT,LEFT,0,0
1764273919.6077077,1,LEFT,LEFT,0,0
1764273919.6429417,1,LEFT,LEFT,0,0
1764273919.6745548,1,LEFT,LEFT,0,0
1764273919.7070048,1,LEFT,LEFT,0,0
1764273919.7449849,1,LEFT,LEFT,0,0
1764273919.7749314,1,LEFT,LEFT,0,0
1764273919.8089414,1,LEFT,UP,0,0
1764273919.8441746,1,LEFT,UP,0,0
1764273919.875156,1,LEFT,UP,0,0
1764273919.9073846,1,UP,UP,0,0
1764273919.94465,1,UP,UP,0,0
1764273919.9744673,1,UP,UP,0,0
1764273920.0071716,1,UP,UP,0,0
1764273920.0382905,1,UP,UP,0,0
1764273920.07393,1,UP,UP,0,0
1764273920.1061237,1,UP,UP,0,0
1764273920.1394892,1,UP,UP,0,0
1764273920.176446,1,UP,UP,0,0
1764273920.2067258,1,UP,UP,0,0
1764273920.2392442,1,UP,UP,0,0
1764273920.275359,1,UP,UP,0,0
1764273920.3069682,1,UP,UP,0,0
1764273920.33877,1,UP,UP,0,0
1764273920.3772662,1,UP,UP,0,0
1764273920.4071598,1,UP,UP,0,0
1764273920.4391377,1,UP,UP,0,0
1764273920.4765568,1,UP,UP,0,0
1764273920.5068698,1,UP,UP,0,0
1764273920.5393734,1,UP,UP,0,0
1764273920.5747905,1,UP,UP,0,0
1764273920.6075175,1,UP,UP,0,0
1764273920.6392164,1,UP,UP,0,0
1764273920.67071,1,UP,UP,0,0
1764273920.7098968,1,UP,UP,0,0
1764273920.738408,1,UP,UP,0,0
1764273920.7704186,1,UP,UP,0,0
1764273920.8070998,1,UP,UP,0,0
1764273920.8387723,1,UP,UP,0,0
1764273920.870791,1,UP,UP,0,0
1764273920.9077199,1,UP,UP,0,0
1764273920.9379845,1,UP,UP,0,0
1764273920.9703782,1,UP,UP,0,0
1764273921.007588,1,UP,UP,0,0
1764273921.039714,1,UP,UP,0,0
1764273921.0724976,1,UP,UP,0,0
1764273921.1079793,1,UP,UP,0,0
1764273921.1382647,1,UP,UP,0,0
1764273921.1701179,1,UP,UP,0,0
1764273921.2033846,1,UP,UP,0,0
1764273921.240775,1,UP,UP,0,0
1764273921.2707152,1,UP,UP,0,0
1764273921.3021636,1,UP,UP,0,0
1764273921.3396246,1,UP,UP,0,0
1764273921.3714974,1,UP,UP,0,0
1764273921.404483,1,UP,UP,0,0
1764273921.440491,1,UP,UP,0,0
1764273921.470881,1,UP,UP,0,0
1764273921.5031347,1,UP,UP,0,0
1764273921.5409722,1,UP,UP,0,0
1764273921.571031,1,UP,UP,0,0
1764273921.602435,1,UP,UP,0,0
1764273921.639569,1,UP,UP,0,0
1764273921.670728,1,UP,UP,0,0
1764273921.7030494,1,UP,UP,0,0
1764273921.7344341,1,UP,UP,0,0
1764273921.7711434,1,UP,UP,0,0
1764273921.8026319,1,UP,UP,0,0
1764273921.8353448,1,UP,UP,0,0
1764273921.8707838,1,UP,UP,0,0
1764273921.9038043,1,UP,UP,0,0
1764273921.9357631,1,UP,UP,0,0
1764273921.9719925,1,UP,UP,0,0
1764273922.00245,1,UP,RIGHT,0,0
1764273922.0369375,1,UP,RIGHT,0,0
1764273922.0719333,1,UP,RIGHT,0,0
1764273922.1023397,1,UP,UP,0,0
1764273922.135628,1,UP,UP,0,0
1764273922.1711068,1,UP,UP,0,0
1764273922.2018762,1,UP,UP,0,0
1764273922.2357936,1,UP,UP,0,0
1764273922.2715218,1,UP,UP,0,0
1764273922.3030632,1,UP,UP,0,0
1764273922.3357537,1,UP,UP,0,0
1764273922.3666418,1,UP,UP,0,0
1764273922.4052768,1,UP,UP,0,0
1764273922.4342186,1,UP,UP,0,0
1764273922.4666119,1,UP,UP,0,0
1764273922.5021615,1,UP,UP,0,0
1764273922.5356095,1,UP,UP,0,0
1764273922.5663276,1,UP,UP,0,0
1764273922.6028106,1,UP,UP,0,0
1764273922.6346247,1,UP,UP,0,0
1764273922.6661098,1,UP,UP,0,0
1764273922.7040093,1,UP,UP,0,0
1764273922.7344387,1,UP,UP,0,0
1764273922.7657642,1,UP,UP,0,0
1764273922.8043885,1,UP,UP,0,0
1764273922.8355381,1,UP,UP,0,0
1764273922.866936,1,UP,UP,0,0
1764273922.899126,1,UP,UP,0,0
1764273922.9361548,1,UP,UP,0,0
1764273922.9668756,1,UP,UP,0,0
1764273922.998337,1,UP,UP,0,0
1764273923.0351024,1,UP,UP,0,0
1764273923.0663407,1,UP,UP,0,0
1764273923.098413,1,UP,UP,0,0
1764273923.1358562,1,UP,UP,0,0
1764273923.166938,1,UP,UP,0,0
1764273923.1983862,1,UP,UP,0,0
1764273923.2375505,1,UP,UP,0,0
1764273923.2663682,1,UP,UP,0,0
1764273923.2984033,1,UP,UP,0,0
1764273923.3354263,1,UP,UP,0,0
1764273923.3661973,1,UP,UP,0,0
1764273923.3984683,1,UP,UP,0,0
1764273923.4336445,1,UP,UP,0,0
1764273923.4680011,1,UP,UP,0,0
1764273923.498882,1,UP,UP,0,0
1764273923.53188,1,UP,UP,0,0
1764273923.566757,1,UP,UP,0,0
1764273923.598363,1,UP,UP,0,0
1764273923.6301062,1,UP,UP,0,0
1764273923.668979,1,UP,UP,0,0
1764273923.6987736,1,UP,UP,0,0
1764273923.7306106,1,UP,UP,0,0
1764273923.766938,1,UP,UP,0,0
1764273923.7992306,1,UP,UP,0,0
1764273923.8315616,1,UP,UP,0,0
1764273923.8665118,1,UP,UP,0,0
1764273923.898822,1,UP,UP,0,0
1764273923.931661,1,UP,UP,0,0
1764273923.968978,1,UP,UP,0,0
1764273923.9984505,1,UP,UP,0,0
1764273924.0311742,1,UP,UP,0,0
1764273924.0644455,1,UP,UP,0,0
1764273924.099737,1,UP,UP,0,0
1764273924.1316345,1,UP,UP,0,0
1764273924.1633825,1,UP,UP,0,0
1764273924.1983867,1,UP,UP,0,0
1764273924.2304544,1,UP,UP,0,0
1764273924.263014,1,UP,UP,0,0
1764273924.3017519,1,UP,UP,0,0
1764273924.3312795,1,UP,UP,0,0
1764273924.3641307,1,UP,UP,0,0
1764273924.3990002,1,UP,UP,0,0
1764273924.4302943,1,UP,UP,0,0
1764273924.464433,1,UP,UP,0,0
1764273924.499895,1,UP,UP,0,0
1764273924.530219,1,UP,UP,0,0
1764273924.5632882,1,UP,UP,0,0
1764273924.595155,1,UP,UP,0,0
1764273924.631928,1,UP,UP,0,0
1764273924.6634126,1,UP,UP,0,0
1764273924.6951644,1,UP,UP,0,0
1764273924.730699,1,UP,UP,0,0
1764273924.7626843,1,UP,UP,0,0
1764273924.794485,1,UP,UP,0,0
1764273924.8316345,1,UP,UP,0,0
1764273924.8624878,1,UP,UP,0,0
1764273924.8956258,1,UP,UP,0,0
1764273924.9311974,1,UP,UP,0,0
1764273924.9625797,1,UP,UP,0,0
1764273924.994426,1,UP,UP,0,0
1764273925.0323167,1,UP,UP,0,0
1764273925.064336,1,UP,UP,0,0
1764273925.0940025,1,UP,UP,0,0
1764273925.1264637,1,UP,UP,0,0
1764273925.1649818,1,UP,UP,0,0
1764273925.1936789,1,UP,NONE,0,0
1764273925.226143,1,UP,RIGHT,0,0
1764273925.263992,1,UP,RIGHT,0,0
1764273925.2944524,1,RIGHT,RIGHT,0,0
1764273925.3266797,1,RIGHT,RIGHT,0,0
1764273925.364995,1,RIGHT,RIGHT,0,0
1764273925.3942478,1,RIGHT,RIGHT,0,0
1764273925.4263577,1,RIGHT,RIGHT,0,0
1764273925.4639204,1,RIGHT,RIGHT,0,0
1764273925.4945884,1,RIGHT,RIGHT,0,0
1764273925.528271,1,RIGHT,RIGHT,0,0
1764273925.5633564,1,RIGHT,RIGHT,0,0
1764273925.5948343,1,RIGHT,RIGHT,0,0
1764273925.6272576,1,RIGHT,RIGHT,0,0
1764273925.66273,1,RIGHT,RIGHT,0,0
1764273925.6969485,1,RIGHT,RIGHT,0,0
1764273925.7275834,1,RIGHT,RIGHT,0,0
1764273925.759279,1,RIGHT,RIGHT,0,0
1764273925.794968,1,RIGHT,RIGHT,0,0
1764273925.827637,1,RIGHT,RIGHT,0,0
1764273925.8598452,1,RIGHT,RIGHT,0,0
1764273925.8959594,1,RIGHT,RIGHT,0,0
1764273925.9287195,1,RIGHT,RIGHT,0,0
1764273925.9623313,1,RIGHT,RIGHT,0,0
1764273925.9991448,1,RIGHT,RIGHT,0,0
1764273926.026127,1,RIGHT,RIGHT,0,0
1764273926.0582607,1,RIGHT,RIGHT,0,0
1764273926.0952337,1,RIGHT,RIGHT,0,0
1764273926.1272354,1,RIGHT,RIGHT,0,0
1764273926.158957,1,RIGHT,RIGHT,0,0
1764273926.1969652,1,RIGHT,RIGHT,0,0
1764273926.2266042,1,RIGHT,RIGHT,0,0
1764273926.2578025,1,RIGHT,RIGHT,0,0
1764273926.2918136,1,RIGHT,RIGHT,0,0
1764273926.3281202,1,RIGHT,RIGHT,0,0
1764273926.359783,1,RIGHT,RIGHT,0,0
1764273926.3900545,1,RIGHT,RIGHT,0,0
1764273926.4276047,1,RIGHT,RIGHT,0,0
1764273926.458514,1,RIGHT,RIGHT,0,0
1764273926.4908078,1,RIGHT,RIGHT,0,0
1764273926.5282393,1,RIGHT,RIGHT,0,0
1764273926.5590212,1,RIGHT,RIGHT,0,0
1764273926.5908453,1,RIGHT,RIGHT,0,0
1764273926.6276507,1,RIGHT,RIGHT,0,0
1764273926.658748,1,RIGHT,RIGHT,0,0
1764273926.6908333,1,RIGHT,RIGHT,0,0
1764273926.7286925,1,RIGHT,RIGHT,0,0
1764273926.7592604,1,RIGHT,RIGHT,0,0
1764273926.7932417,1,RIGHT,RIGHT,0,0
1764273926.8228981,1,RIGHT,RIGHT,0,0
1764273926.8591971,1,RIGHT,RIGHT,0,0
1764273926.890297,1,RIGHT,RIGHT,0,0
1764273926.9229195,1,RIGHT,RIGHT,0,0
1764273926.9588854,1,RIGHT,RIGHT,0,0
1764273926.9899805,1,RIGHT,RIGHT,0,0
1764273927.0224693,1,RIGHT,RIGHT,0,0
1764273927.0606205,1,RIGHT,RIGHT,0,0
1764273927.090937,1,RIGHT,RIGHT,0,0
1764273927.123272,1,RIGHT,RIGHT,0,0
1764273927.1593196,1,RIGHT,RIGHT,0,0
1764273927.1909912,1,RIGHT,RIGHT,0,0
1764273927.2234423,1,RIGHT,RIGHT,0,0
1764273927.2588222,1,RIGHT,RIGHT,0,0
1764273927.2921226,1,RIGHT,RIGHT,0,0
1764273927.32321,1,RIGHT,RIGHT,0,0
1764273927.3584764,1,RIGHT,RIGHT,0,0
1764273927.3905249,1,RIGHT,RIGHT,0,0
1764273927.4246674,1,RIGHT,RIGHT,0,0
1764273927.4545777,1,RIGHT,RIGHT,0,0
1764273927.4916434,1,RIGHT,RIGHT,0,0
1764273927.5235777,1,RIGHT,RIGHT,0,0
1764273927.555572,1,RIGHT,RIGHT,0,0
1764273927.591536,1,RIGHT,RIGHT,0,0
1764273927.6236753,1,RIGHT,RIGHT,0,0
1764273927.6555493,1,RIGHT,RIGHT,0,0
1764273927.691673,1,RIGHT,RIGHT,0,0
1764273927.722963,1,RIGHT,RIGHT,0,0
1764273927.7552547,1,RIGHT,RIGHT,0,0
1764273927.7940028,1,RIGHT,RIGHT,0,0
1764273927.8230584,1,RIGHT,RIGHT,0,0
1764273927.8544471,1,RIGHT,RIGHT,0,0
1764273927.8913143,1,RIGHT,RIGHT,0,0
1764273927.9232535,1,RIGHT,RIGHT,0,0
1764273927.9558048,1,RIGHT,RIGHT,0,0
1764273927.9864728,1,RIGHT,RIGHT,0,0
1764273928.0241182,1,RIGHT,RIGHT,0,0
1764273928.0552995,1,RIGHT,RIGHT,0,0
1764273928.0876818,1,RIGHT,RIGHT,0,0
1764273928.123899,1,RIGHT,RIGHT,0,0
1764273928.1550426,1,RIGHT,RIGHT,0,0
1764273928.1868458,1,RIGHT,RIGHT,0,0
1764273928.2232764,1,RIGHT,RIGHT,0,0
1764273928.254847,1,RIGHT,RIGHT,0,0
1764273928.2879446,1,RIGHT,RIGHT,0,0
1764273928.32469,1,RIGHT,RIGHT,0,0
1764273928.3549964,1,RIGHT,RIGHT,0,0
1764273928.3861032,1,RIGHT,RIGHT,0,0
1764273928.4235563,1,RIGHT,RIGHT,0,0
1764273928.454441,1,RIGHT,RIGHT,0,0
1764273928.4866438,1,RIGHT,RIGHT,0,0
1764273928.5235884,1,RIGHT,RIGHT,0,0
1764273928.554723,1,RIGHT,RIGHT,0,0
1764273928.5867045,1,RIGHT,RIGHT,0,0
1764273928.6189432,1,RIGHT,RIGHT,0,0
1764273928.6561065,1,RIGHT,RIGHT,0,0
1764273928.686665,1,RIGHT,RIGHT,0,0
1764273928.7191083,1,RIGHT,RIGHT,0,0
1764273928.7551606,1,RIGHT,RIGHT,0,0
1764273928.7868154,1,RIGHT,RIGHT,0,0
1764273928.8203216,1,RIGHT,RIGHT,0,0
1764273928.857016,1,RIGHT,RIGHT,0,0
1764273928.8888311,1,RIGHT,RIGHT,0,0
1764273928.9202309,1,RIGHT,RIGHT,0,0
1764273928.9582403,1,RIGHT,RIGHT,0,0
1764273928.9876006,1,RIGHT,RIGHT,0,0
1764273929.019631,1,RIGHT,RIGHT,0,0
1764273929.0563874,1,RIGHT,RIGHT,0,0
1764273929.0884256,1,RIGHT,RIGHT,0,0
1764273929.1204526,1,RIGHT,RIGHT,0,0
1764273929.1519592,1,RIGHT,RIGHT,0,0
1764273929.1879375,1,RIGHT,RIGHT,0,0
1764273929.2228093,1,RIGHT,RIGHT,0,0
1764273929.2504413,1,RIGHT,RIGHT,0,0
1764273929.2865195,1,RIGHT,RIGHT,0,0
1764273929.3183584,1,RIGHT,RIGHT,0,0
1764273929.3504245,1,RIGHT,RIGHT,0,0
1764273929.3860004,1,RIGHT,RIGHT,0,0
1764273929.4192617,1,RIGHT,RIGHT,0,0
1764273929.4504673,1,RIGHT,RIGHT,0,0
1764273929.4866433,1,RIGHT,RIGHT,0,0
1764273929.519581,1,RIGHT,RIGHT,0,0
1764273929.5502543,1,RIGHT,RIGHT,0,0
1764273929.5868504,1,RIGHT,RIGHT,0,0
1764273929.619024,1,RIGHT,RIGHT,0,0
1764273929.6510196,1,RIGHT,RIGHT,0,0
1764273929.6823075,1,RIGHT,RIGHT,0,0
1764273929.7204227,1,RIGHT,RIGHT,0,0
1764273929.7503407,1,RIGHT,RIGHT,0,0
1764273929.7822123,1,RIGHT,RIGHT,0,0
1764273929.8186336,1,RIGHT,RIGHT,0,0
1764273929.8539684,1,RIGHT,RIGHT,0,0
1764273929.883425,1,RIGHT,RIGHT,0,0
1764273929.9191926,1,RIGHT,RIGHT,0,0
1764273929.9519475,1,RIGHT,RIGHT,0,0
1764273929.982056,1,RIGHT,RIGHT,0,0
1764273930.0200253,1,RIGHT,RIGHT,0,0
1764273930.0518494,1,RIGHT,RIGHT,0,0
1764273930.0817502,1,RIGHT,RIGHT,0,0
1764273930.1207027,1,RIGHT,RIGHT,0,0
1764273930.1509159,1,RIGHT,RIGHT,0,0
1764273930.182688,1,RIGHT,RIGHT,0,0
1764273930.2191224,1,RIGHT,RIGHT,0,0
1764273930.2506483,1,RIGHT,RIGHT,0,0
1764273930.28245,1,RIGHT,RIGHT,0,0
1764273930.3152032,1,RIGHT,RIGHT,0,0
1764273930.3511827,1,RIGHT,RIGHT,0,0
1764273930.3826091,1,RIGHT,RIGHT,0,0
1764273930.4155242,1,RIGHT,RIGHT,0,0
1764273930.44997,1,RIGHT,RIGHT,0,0
1764273930.4817317,1,RIGHT,RIGHT,0,0
1764273930.5154912,1,RIGHT,RIGHT,0,0
1764273930.5510416,1,RIGHT,RIGHT,0,0
1764273930.582045,1,RIGHT,RIGHT,0,0
1764273930.6154585,1,RIGHT,RIGHT,0,0
1764273930.650503,1,RIGHT,RIGHT,0,0
1764273930.685259,1,RIGHT,RIGHT,0,0
1764273930.7151716,1,RIGHT,RIGHT,0,0
1764273930.753583,1,RIGHT,RIGHT,0,0
1764273930.7829564,1,RIGHT,RIGHT,0,0
1764273930.816056,1,RIGHT,RIGHT,0,0
1764273930.846335,1,RIGHT,RIGHT,0,0
1764273930.8834136,1,RIGHT,RIGHT,0,0
1764273930.9144747,1,RIGHT,RIGHT,0,0
1764273930.9466069,1,RIGHT,RIGHT,0,0
1764273930.9826295,1,RIGHT,RIGHT,0,0
1764273931.013705,1,RIGHT,RIGHT,0,0
1764273931.0468318,1,RIGHT,RIGHT,0,0
1764273931.0821366,1,RIGHT,RIGHT,0,0
1764273931.1145008,1,RIGHT,RIGHT,0,0
1764273931.1462116,1,RIGHT,RIGHT,0,0
1764273931.1851046,1,RIGHT,RIGHT,0,0
1764273931.2146363,1,RIGHT,RIGHT,0,0
1764273931.247002,1,RIGHT,RIGHT,0,0
1764273931.2860868,1,RIGHT,RIGHT,0,0
1764273931.3148263,1,RIGHT,RIGHT,0,0
1764273931.3461664,1,RIGHT,RIGHT,0,0
1764273931.3782694,1,RIGHT,RIGHT,0,0
1764273931.4144728,1,RIGHT,RIGHT,0,0
1764273931.446487,1,RIGHT,RIGHT,0,0
1764273931.4783976,1,RIGHT,RIGHT,0,0
1764273931.5142443,1,RIGHT,RIGHT,0,0
1764273931.5467484,1,RIGHT,RIGHT,0,0
1764273931.578439,1,RIGHT,RIGHT,0,0
1764273931.6153119,1,RIGHT,RIGHT,0,0
1764273931.6469862,1,RIGHT,RIGHT,0,0
1764273931.6787927,1,RIGHT,RIGHT,0,0
1764273931.7168605,1,RIGHT,RIGHT,0,0
1764273931.746972,1,RIGHT,RIGHT,0,0
1764273931.7786443,1,RIGHT,RIGHT,0,0
1764273931.816882,1,RIGHT,RIGHT,0,0
1764273931.8460934,1,RIGHT,DOWN,0,0
1764273931.8789485,1,RIGHT,DOWN,0,0
1764273931.9180703,1,DOWN,DOWN,0,0
1764273931.9459908,1,DOWN,DOWN,0,0
1764273931.978288,1,DOWN,DOWN,0,0
1764273932.011404,1,DOWN,DOWN,0,0
1764273932.0472333,1,DOWN,DOWN,0,0
1764273932.0786443,1,DOWN,DOWN,0,0
1764273932.1113033,1,DOWN,DOWN,0,0
1764273932.1482427,1,DOWN,DOWN,0,0
1764273932.1796777,1,DOWN,DOWN,0,0
1764273932.2100344,1,DOWN,DOWN,0,0
1764273932.249493,1,DOWN,DOWN,0,0
1764273932.2790005,1,DOWN,DOWN,0,0
1764273932.3109803,1,DOWN,DOWN,0,0
1764273932.3468215,1,DOWN,DOWN,0,0
1764273932.3781939,1,DOWN,DOWN,0,0
1764273932.4112446,1,DOWN,DOWN,0,0
1764273932.4480176,1,DOWN,DOWN,0,0
1764273932.4788542,1,DOWN,DOWN,0,0
1764273932.5112233,1,DOWN,DOWN,0,0
1764273932.54345,1,DOWN,DOWN,0,0
1764273932.5788505,1,DOWN,DOWN,0,0
1764273932.6104875,1,DOWN,DOWN,0,0
1764273932.6422968,1,DOWN,DOWN,0,0
1764273932.6800094,1,DOWN,DOWN,0,0
1764273932.7112944,1,DOWN,DOWN,0,0
1764273932.7429137,1,DOWN,DOWN,0,0
1764273932.7798383,1,DOWN,DOWN,0,0
1764273932.811145,1,DOWN,DOWN,0,0
1764273932.8432822,1,DOWN,DOWN,0,0
1764273932.8806434,1,DOWN,DOWN,0,0
1764273932.910879,1,DOWN,DOWN,0,0
1764273932.942581,1,DOWN,DOWN,0,0
1764273932.9788606,1,DOWN,DOWN,0,0
1764273933.0103006,1,DOWN,DOWN,0,0
1764273933.0424688,1,DOWN,DOWN,0,0
1764273933.0740771,1,DOWN,DOWN,0,0
1764273933.111362,1,DOWN,DOWN,0,0
1764273933.1424692,1,DOWN,DOWN,0,0
1764273933.1745155,1,DOWN,DOWN,0,0
1764273933.209728,1,DOWN,DOWN,0,0
1764273933.2437932,1,DOWN,DOWN,0,0
1764273933.2739494,1,DOWN,DOWN,0,0
1764273933.3131702,1,DOWN,DOWN,0,0
1764273933.342603,1,DOWN,DOWN,0,0
1764273933.375028,1,DOWN,DOWN,0,0
1764273933.4118645,1,DOWN,DOWN,0,0
1764273933.4418175,1,DOWN,DOWN,0,0
1764273933.4745712,1,DOWN,DOWN,0,0
1764273933.5116515,1,DOWN,DOWN,0,0
1764273933.5429878,1,DOWN,DOWN,0,0
1764273933.574173,1,DOWN,DOWN,0,0
1764273933.610708,1,DOWN,DOWN,0,0
1764273933.6438134,1,DOWN,DOWN,0,0
1764273933.6750772,1,DOWN,DOWN,0,0
1764273933.706429,1,DOWN,DOWN,0,0
1764273933.7441993,1,DOWN,DOWN,0,0
1764273933.7746387,1,DOWN,DOWN,0,0
1764273933.8071542,1,DOWN,DOWN,0,0
1764273933.8431635,1,DOWN,DOWN,0,0
1764273933.8747535,1,DOWN,DOWN,0,0
1764273933.906976,1,DOWN,DOWN,0,0
1764273933.9449546,1,DOWN,DOWN,0,0
1764273933.9769666,1,DOWN,DOWN,0,0
1764273934.0066092,1,DOWN,DOWN,0,0
1764273934.043133,1,DOWN,DOWN,0,0
1764273934.0743275,1,DOWN,DOWN,0,0
1764273934.1074507,1,DOWN,DOWN,0,0
1764273934.1428194,1,DOWN,DOWN,0,0
1764273934.1748707,1,DOWN,DOWN,0,0
1764273934.2074716,1,DOWN,DOWN,0,0
1764273934.239904,1,DOWN,DOWN,0,0
1764273934.2770715,1,DOWN,DOWN,0,0
1764273934.3072412,1,DOWN,DOWN,0,0
1764273934.339006,1,DOWN,DOWN,0,0
1764273934.3775187,1,DOWN,DOWN,0,0
1764273934.4066298,1,DOWN,DOWN,0,0
1764273934.4390001,1,DOWN,DOWN,0,0
1764273934.4777446,1,DOWN,DOWN,0,0
1764273934.5068197,1,DOWN,DOWN,0,0
1764273934.5391734,1,DOWN,DOWN,0,0
1764273934.5760667,1,DOWN,DOWN,0,0
1764273934.6076746,1,DOWN,DOWN,0,0
1764273934.6397839,1,DOWN,DOWN,0,0
1764273934.6759248,1,DOWN,DOWN,0,0
1764273934.7069612,1,DOWN,DOWN,0,0
1764273934.738115,1,DOWN,DOWN,0,0
1764273934.7711217,1,DOWN,DOWN,0,0
1764273934.8083599,1,DOWN,DOWN,0,0
1764273934.839515,1,DOWN,DOWN,0,0
1764273934.8708427,1,DOWN,DOWN,0,0
1764273934.907763,1,DOWN,DOWN,0,0
1764273934.939627,1,DOWN,DOWN,0,0
1764273934.9711983,1,DOWN,DOWN,0,0
1764273935.0077207,1,DOWN,DOWN,0,0
1764273935.039329,1,DOWN,DOWN,0,0
1764273935.0720112,1,DOWN,DOWN,0,0
1764273935.1069038,1,DOWN,DOWN,0,0
1764273935.139423,1,DOWN,DOWN,0,0
1764273935.1706562,1,DOWN,DOWN,0,0
1764273935.2069974,1,DOWN,DOWN,0,0
1764273935.2393115,1,DOWN,DOWN,0,0
1764273935.2712462,1,DOWN,DOWN,0,0
1764273935.3078449,1,DOWN,DOWN,0,0
1764273935.3388119,1,DOWN,DOWN,0,0
1764273935.3703098,1,DOWN,DOWN,0,0
1764273935.4036405,1,DOWN,DOWN,0,0
1764273935.4423819,1,DOWN,DOWN,0,0
1764273935.4715831,1,DOWN,DOWN,0,0
1764273935.5038183,1,DOWN,DOWN,0,0
1764273935.5406215,1,DOWN,DOWN,0,0
1764273935.571944,1,DOWN,DOWN,0,0
1764273935.6035116,1,DOWN,DOWN,0,0
1764273935.6415942,1,DOWN,DOWN,0,0
1764273935.6704314,1,DOWN,DOWN,0,0
1764273935.7034955,1,DOWN,DOWN,0,0
1764273935.7401485,1,DOWN,DOWN,0,0
1764273935.7705688,1,DOWN,DOWN,0,0
1764273935.8022845,1,DOWN,DOWN,0,0
1764273935.8399396,1,DOWN,DOWN,0,0
1764273935.8714712,1,DOWN,DOWN,0,0
1764273935.9035125,1,DOWN,DOWN,0,0
1764273935.935501,1,DOWN,DOWN,0,0
1764273935.9707332,1,DOWN,DOWN,0,0
1764273936.0033023,1,DOWN,DOWN,0,0
1764273936.0348253,1,DOWN,DOWN,0,0
1764273936.0713542,1,DOWN,DOWN,0,0
1764273936.1033807,1,DOWN,DOWN,0,0
1764273936.1345625,1,DOWN,DOWN,0,0
1764273936.1702793,1,DOWN,DOWN,0,0
1764273936.2030005,1,DOWN,DOWN,0,0
1764273936.2344465,1,DOWN,DOWN,0,0
1764273936.2703586,1,DOWN,DOWN,0,0
1764273936.3027248,1,DOWN,DOWN,0,0
1764273936.3349583,1,DOWN,DOWN,0,0
1764273936.3714678,1,DOWN,DOWN,0,0
1764273936.40349,1,DOWN,DOWN,0,0
1764273936.434665,1,DOWN,DOWN,0,0
1764273936.4670568,1,DOWN,DOWN,0,0
1764273936.5039883,1,DOWN,DOWN,0,0
1764273936.5349405,1,DOWN,DOWN,0,0
1764273936.5671942,1,DOWN,DOWN,0,0
1764273936.6025794,1,DOWN,DOWN,0,0
1764273936.6336699,1,DOWN,DOWN,0,0
1764273936.6673644,1,DOWN,DOWN,0,0
1764273936.7031608,1,DOWN,DOWN,0,0
1764273936.7345917,1,DOWN,DOWN,0,0
1764273936.7666378,1,DOWN,DOWN,0,0
1764273936.802653,1,DOWN,DOWN,0,0
1764273936.8355823,1,DOWN,DOWN,0,0
1764273936.866457,1,DOWN,DOWN,0,0
1764273936.90433,1,DOWN,DOWN,0,0
1764273936.934048,1,DOWN,DOWN,0,0
1764273936.9661117,1,DOWN,DOWN,0,0
1764273937.0028563,1,DOWN,DOWN,0,0
1764273937.0356953,1,DOWN,DOWN,0,0
1764273937.0666342,1,DOWN,NONE,0,0
1764273937.1000044,1,LEFT,LEFT,0,0
1764273937.1371639,1,LEFT,LEFT,0,0
1764273937.1673098,1,LEFT,LEFT,0,0
1764273937.199185,1,LEFT,LEFT,0,0
1764273937.2357883,1,LEFT,LEFT,0,0
1764273937.266392,1,LEFT,LEFT,0,0
1764273937.2985191,1,LEFT,LEFT,0,0
1764273937.335893,1,LEFT,LEFT,0,0
1764273937.3666852,1,LEFT,LEFT,0,0
1764273937.398453,1,LEFT,LEFT,0,0
1764273937.437757,1,LEFT,LEFT,0,0
1764273937.4665737,1,LEFT,LEFT,0,0
1764273937.4997802,1,LEFT,LEFT,0,0
1764273937.536986,1,LEFT,LEFT,0,0
1764273937.5665905,1,LEFT,LEFT,0,0
1764273937.599117,1,LEFT,LEFT,0,0
1764273937.6312776,1,LEFT,LEFT,0,0
1764273937.6673386,1,LEFT,LEFT,0,0
1764273937.6992443,1,LEFT,LEFT,0,0
1764273937.7318175,1,LEFT,LEFT,0,0
1764273937.7676063,1,LEFT,LEFT,0,0
1764273937.7985785,1,LEFT,LEFT,0,0
1764273937.8314588,1,LEFT,LEFT,0,0
1764273937.8666573,1,LEFT,LEFT,0,0
1764273937.8980446,1,LEFT,LEFT,0,0
1764273937.9310012,1,LEFT,LEFT,0,0
1764273937.9668381,1,LEFT,LEFT,0,0
1764273937.9989889,1,LEFT,LEFT,0,0
1764273938.0315504,1,LEFT,LEFT,0,0
1764273938.0681498,1,LEFT,LEFT,0,0
1764273938.0989914,1,LEFT,LEFT,0,0
1764273938.1319683,1,LEFT,LEFT,0,0
1764273938.1632047,1,LEFT,LEFT,0,0
1764273938.199489,1,LEFT,LEFT,0,0
1764273938.2303796,1,LEFT,LEFT,0,0
1764273938.2631772,1,LEFT,LEFT,0,0
1764273938.2978332,1,LEFT,LEFT,0,0
1764273938.329813,1,LEFT,LEFT,0,0
1764273938.36223,1,LEFT,LEFT,0,0
1764273938.4006944,1,LEFT,LEFT,0,0
1764273938.4318805,1,LEFT,LEFT,0,0
1764273938.4630833,1,LEFT,LEFT,0,0
1764273938.4991555,1,LEFT,LEFT,0,0
1764273938.530081,1,LEFT,LEFT,0,0
1764273938.5631316,1,LEFT,LEFT,0,0
1764273938.600103,1,LEFT,LEFT,0,0
1764273938.63125,1,LEFT,LEFT,0,0
1764273938.663754,1,LEFT,LEFT,0,0
1764273938.6993275,1,LEFT,LEFT,0,0
1764273938.7307816,1,LEFT,LEFT,0,0
1764273938.7634387,1,LEFT,LEFT,0,0
1764273938.7951927,1,LEFT,LEFT,0,0
1764273938.830605,1,LEFT,LEFT,0,0
1764273938.8625662,1,LEFT,LEFT,0,0
1764273938.8948004,1,LEFT,LEFT,0,0
1764273938.9324503,1,LEFT,LEFT,0,0
1764273938.9634888,1,LEFT,LEFT,0,0
1764273938.9958014,1,LEFT,LEFT,0,0
1764273939.032883,1,LEFT,LEFT,0,0
1764273939.0624516,1,LEFT,LEFT,0,0
1764273939.0960145,1,LEFT,LEFT,0,0
1764273939.1324728,1,LEFT,LEFT,0,0
1764273939.162487,1,LEFT,LEFT,0,0
1764273939.194943,1,LEFT,LEFT,0,0
1764273939.2333012,1,LEFT,LEFT,0,0
1764273939.2631202,1,LEFT,LEFT,0,0
1764273939.2955008,1,LEFT,LEFT,0,0
1764273939.3265612,1,LEFT,LEFT,0,0
1764273939.3657305,1,LEFT,LEFT,0,0
1764273939.394401,1,LEFT,LEFT,0,0
1764273939.4268098,1,LEFT,LEFT,0,0
1764273939.4638076,1,LEFT,LEFT,0,0
1764273939.4948754,1,LEFT,LEFT,0,0
1764273939.5268927,1,LEFT,LEFT,0,0
1764273939.5641477,1,LEFT,LEFT,0,0
1764273939.5950127,1,LEFT,LEFT,0,0
1764273939.6270475,1,LEFT,LEFT,0,0
1764273939.6653104,1,LEFT,LEFT,0,0
1764273939.6944726,1,LEFT,LEFT,0,0
1764273939.7262385,1,LEFT,LEFT,0,0
1764273939.765769,1,LEFT,LEFT,0,0
1764273939.7938132,1,LEFT,LEFT,0,0
1764273939.82714,1,LEFT,LEFT,0,0
1764273939.8580768,1,LEFT,LEFT,0,0
1764273939.8968472,1,LEFT,LEFT,0,0
1764273939.9269662,1,LEFT,LEFT,0,0
1764273939.9593256,1,LEFT,LEFT,0,0
1764273939.9958723,1,LEFT,LEFT,0,0
1764273940.0259714,1,LEFT,LEFT,0,0
1764273940.0589266,1,LEFT,LEFT,0,0
1764273940.094835,1,LEFT,LEFT,0,0
1764273940.126923,1,LEFT,LEFT,0,0
1764273940.1606355,1,LEFT,LEFT,0,0
1764273940.196252,1,LEFT,LEFT,0,0
1764273940.227346,1,LEFT,LEFT,0,0
1764273940.2587304,1,LEFT,LEFT,0,0
1764273940.2962132,1,LEFT,LEFT,0,0
1764273940.326607,1,LEFT,LEFT,0,0
1764273940.3578439,1,LEFT,LEFT,0,0
1764273940.3962858,1,LEFT,LEFT,0,0
1764273940.4265506,1,LEFT,LEFT,0,0
1764273940.4589188,1,LEFT,LEFT,0,0
1764273940.490668,1,LEFT,LEFT,0,0
1764273940.5282125,1,LEFT,LEFT,0,0
1764273940.5590925,1,LEFT,LEFT,0,0
1764273940.5913517,1,LEFT,LEFT,0,0
1764273940.6292946,1,LEFT,LEFT,0,0
1764273940.658617,1,LEFT,LEFT,0,0
1764273940.69083,1,LEFT,LEFT,0,0
1764273940.7278662,1,LEFT,LEFT,0,0
1764273940.7590387,1,LEFT,LEFT,0,0
1764273940.7912366,1,LEFT,LEFT,0,0
1764273940.8271735,1,LEFT,LEFT,0,0
1764273940.8591542,1,LEFT,LEFT,0,0
1764273940.8910148,1,LEFT,LEFT,0,0
1764273940.9270964,1,LEFT,LEFT,0,0
1764273940.9593563,1,LEFT,LEFT,0,0
1764273940.9920545,1,LEFT,LEFT,0,0
1764273941.022833,1,LEFT,LEFT,0,0
1764273941.059434,1,LEFT,LEFT,0,0
1764273941.0909133,1,LEFT,LEFT,0,0
1764273941.1226723,1,LEFT,LEFT,0,0
1764273941.1587584,1,LEFT,LEFT,0,0
1764273941.190708,1,LEFT,LEFT,0,0
1764273941.2237797,1,LEFT,LEFT,0,0
1764273941.2593117,1,LEFT,LEFT,0,0
1764273941.291065,1,LEFT,LEFT,0,0
1764273941.3229733,1,LEFT,LEFT,0,0
1764273941.3611975,1,LEFT,LEFT,0,0
1764273941.3907297,1,LEFT,LEFT,0,0
1764273941.4225795,1,LEFT,LEFT,0,0
1764273941.4601336,1,LEFT,LEFT,0,0
1764273941.4911292,1,LEFT,LEFT,0,0
1764273941.5227623,1,LEFT,LEFT,0,0
1764273941.5589702,1,LEFT,LEFT,0,0
1764273941.5910227,1,LEFT,LEFT,0,0
1764273941.6229692,1,LEFT,LEFT,0,0
1764273941.6551058,1,LEFT,LEFT,0,0
1764273941.6916614,1,LEFT,LEFT,0,0
1764273941.7232006,1,LEFT,LEFT,0,0
1764273941.7544038,1,LEFT,LEFT,0,0
1764273941.792281,1,LEFT,LEFT,0,0
1764273941.8234177,1,LEFT,LEFT,0,0
1764273941.8557255,1,LEFT,LEFT,0,0
1764273941.8915517,1,LEFT,LEFT,0,0
1764273941.9218063,1,LEFT,LEFT,0,0
1764273941.9558542,1,LEFT,LEFT,0,0
1764273941.990552,1,LEFT,LEFT,0,0
1764273942.0227253,1,LEFT,LEFT,0,0
1764273942.0552928,1,LEFT,LEFT,0,0
1764273942.0911357,1,LEFT,LEFT,0,0
1764273942.1233137,1,LEFT,LEFT,0,0
1764273942.1553214,1,LEFT,LEFT,0,0
1764273942.1875522,1,LEFT,LEFT,0,0
1764273942.2243402,1,LEFT,LEFT,0,0
1764273942.2556543,1,LEFT,LEFT,0,0
1764273942.2878726,1,LEFT,LEFT,0,0
1764273942.3253515,1,LEFT,LEFT,0,0
1764273942.3550715,1,LEFT,LEFT,0,0
1764273942.3869243,1,LEFT,LEFT,0,0
1764273942.4240892,1,LEFT,LEFT,0,0
1764273942.4549863,1,LEFT,LEFT,0,0
1764273942.4867208,1,LEFT,LEFT,0,0
1764273942.5217283,1,LEFT,LEFT,0,0
1764273942.5552833,1,LEFT,LEFT,0,0
1764273942.5870686,1,LEFT,LEFT,0,0
1764273942.623837,1,LEFT,LEFT,0,0
1764273942.65464,1,LEFT,LEFT,0,0
1764273942.6872635,1,LEFT,LEFT,0,0
1764273942.7189968,1,LEFT,LEFT,0,0
1764273942.7561219,1,LEFT,LEFT,0,0
1764273942.7862046,1,LEFT,LEFT,0,0
1764273942.8179286,1,LEFT,LEFT,0,0
1764273942.8551085,1,LEFT,LEFT,0,0
1764273942.887225,1,LEFT,LEFT,0,0
1764273942.9208448,1,LEFT,LEFT,0,0
1764273942.9564705,1,LEFT,LEFT,0,0
1764273942.9862287,1,LEFT,LEFT,0,0
1764273943.0179222,1,LEFT,LEFT,0,0
1764273943.0547113,1,LEFT,LEFT,0,0
1764273943.0877035,1,LEFT,LEFT,0,0
1764273943.1195724,1,LEFT,LEFT,0,0
1764273943.1547768,1,LEFT,LEFT,0,0
1764273943.18729,1,LEFT,LEFT,0,0
1764273943.2189593,1,LEFT,LEFT,0,0
1764273943.2559566,1,LEFT,LEFT,0,0
1764273943.28728,1,LEFT,LEFT,0,0
1764273943.3200889,1,LEFT,LEFT,0,0
1764273943.3521252,1,LEFT,LEFT,0,0
1764273943.3869998,1,LEFT,LEFT,0,0
1764273943.419202,1,LEFT,LEFT,0,0
1764273943.4524462,1,LEFT,LEFT,0,0
1764273943.48646,1,LEFT,LEFT,0,0
1764273943.5188587,1,UP,LEFT,0,0
1764273943.5505402,1,UP,UP,0,0
1764273943.5866647,1,UP,UP,0,0
1764273943.6193895,1,UP,UP,0,0
1764273943.6507475,1,UP,UP,0,0
1764273943.6880639,1,UP,UP,0,0
1764273943.719132,1,UP,UP,0,0
1764273943.7514644,1,UP,UP,0,0
1764273943.7869616,1,UP,UP,0,0
1764273943.819016,1,UP,UP,0,0
1764273943.851587,1,UP,UP,0,0
1764273943.8827105,1,UP,UP,0,0
1764273943.9196465,1,UP,UP,0,0
1764273943.9514523,1,UP,UP,0,0
1764273943.982319,1,UP,UP,0,0
1764273944.0215745,1,UP,UP,0,0
1764273944.05054,1,UP,UP,0,0
1764273944.0825222,1,UP,UP,0,0
1764273944.119713,1,UP,UP,0,0
1764273944.1515799,1,UP,UP,0,0
1764273944.1820707,1,UP,UP,0,0
1764273944.219293,1,UP,UP,0,0
1764273944.250441,1,UP,UP,0,0
1764273944.2823093,1,UP,UP,0,0
1764273944.3197713,1,UP,UP,0,0
1764273944.352699,1,UP,UP,0,0
1764273944.3839395,1,UP,UP,0,0
1764273944.4151623,1,UP,UP,0,0
1764273944.4531848,1,UP,UP,0,0
1764273944.4835372,1,UP,UP,0,0
1764273944.5165017,1,UP,UP,0,0
1764273944.5513232,1,UP,UP,0,0
1764273944.5826135,1,UP,UP,0,0
1764273944.614785,1,UP,UP,0,0
1764273944.6508887,1,UP,UP,0,0
1764273944.68275,1,UP,UP,0,0
1764273944.7166789,1,UP,UP,0,0
1764273944.7522314,1,UP,UP,0,0
1764273944.7825894,1,UP,UP,0,0
1764273944.8164809,1,UP,UP,0,0
1764273944.8520417,1,UP,UP,0,0
1764273944.8828125,1,UP,UP,0,0
1764273944.915034,1,UP,UP,0,0
1764273944.9511137,1,UP,UP,0,0
1764273944.9823983,1,UP,UP,0,0
1764273945.0151606,1,UP,UP,0,0
1764273945.0491364,1,UP,UP,0,0
1764273945.0823345,1,UP,UP,0,0
1764273945.1153896,1,UP,UP,0,0
1764273945.147758,1,UP,UP,0,0
1764273945.1826327,1,UP,UP,0,0
1764273945.2158005,1,UP,UP,0,0
1764273945.2483869,1,UP,UP,0,0
1764273945.2836766,1,UP,UP,0,0
1764273945.3156292,1,UP,UP,0,0
1764273945.3471105,1,UP,UP,0,0
1764273945.3850884,1,UP,UP,0,0
1764273945.415194,1,UP,UP,0,0
1764273945.4475017,1,UP,UP,0,0
1764273945.4851906,1,UP,UP,0,0
1764273945.515955,1,UP,UP,0,0
1764273945.547346,1,UP,UP,0,0
1764273945.5786564,1,UP,UP,0,0
1764273945.6155944,1,UP,UP,0,0
1764273945.6467261,1,UP,UP,0,0
1764273945.679682,1,UP,UP,0,0
1764273945.71494,1,UP,UP,0,0
1764273945.7479086,1,UP,UP,0,0
1764273945.779441,1,UP,UP,0,0
1764273945.8167553,1,UP,UP,0,0
1764273945.8477883,1,UP,UP,0,0
1764273945.8800638,1,UP,UP,0,0
1764273945.9161122,1,UP,UP,0,0
1764273945.9472136,1,UP,UP,0,0
1764273945.9792402,1,UP,UP,0,0
1764273946.016407,1,UP,UP,0,0
1764273946.0484104,1,UP,UP,0,0
1764273946.0799818,1,UP,UP,0,0
1764273946.110714,1,UP,UP,0,0
1764273946.1467454,1,UP,UP,0,0
1764273946.178481,1,UP,UP,0,0
1764273946.2106035,1,UP,UP,0,0
1764273946.247446,1,UP,UP,0,0
1764273946.2785826,1,UP,UP,0,0
1764273946.3101022,1,UP,UP,0,0
1764273946.3470194,1,UP,UP,0,0
1764273946.3790276,1,UP,UP,0,0
1764273946.4123042,1,UP,UP,0,0
1764273946.4480932,1,UP,UP,0,0
1764273946.4798052,1,UP,UP,0,0
1764273946.5119371,1,UP,UP,0,0
1764273946.547625,1,UP,UP,0,0
1764273946.580859,1,UP,UP,0,0
1764273946.6103845,1,UP,UP,0,0
1764273946.6472034,1,UP,UP,0,0
1764273946.6781423,1,UP,UP,0,0
1764273946.7112198,1,UP,UP,0,0
1764273946.7428637,1,UP,UP,0,0
1764273946.780226,1,UP,UP,0,0
1764273946.8105092,1,UP,UP,0,0
1764273946.842832,1,UP,UP,0,0
1764273946.8794155,1,UP,UP,0,0
1764273946.9114537,1,UP,UP,0,0
1764273946.943878,1,UP,UP,0,0
1764273946.9799263,1,UP,UP,0,0
1764273947.0112665,1,UP,UP,0,0
1764273947.0424852,1,UP,UP,0,0
1764273947.0818691,1,UP,UP,0,0
1764273947.1112008,1,UP,UP,0,0
1764273947.1426814,1,UP,UP,0,0
1764273947.179177,1,UP,UP,0,0
1764273947.211399,1,UP,UP,0,0
1764273947.2426689,1,UP,UP,0,0
1764273947.2754905,1,UP,UP,0,0
1764273947.3107882,1,UP,UP,0,0
1764273947.3459482,1,UP,UP,0,0
1764273947.3760781,1,UP,UP,0,0
1764273947.4105446,1,UP,UP,0,0
1764273947.4424658,1,UP,UP,0,0
1764273947.475271,1,UP,UP,0,0
1764273947.5116184,1,UP,UP,0,0
1764273947.5434206,1,UP,UP,0,0
1764273947.575807,1,UP,UP,0,0
1764273947.612442,1,UP,UP,0,0
1764273947.6430228,1,UP,UP,0,0
1764273947.6742408,1,UP,UP,0,0
1764273947.7119489,1,UP,UP,0,0
1764273947.743643,1,UP,UP,0,0
1764273947.776241,1,UP,UP,0,0
1764273947.8075695,1,UP,UP,0,0
1764273947.8427622,1,UP,UP,0,0
1764273947.8759263,1,UP,UP,0,0
1764273947.9076357,1,UP,UP,0,0
1764273947.9459012,1,UP,UP,0,0
1764273947.9752104,1,UP,UP,0,0
1764273948.007874,1,UP,UP,0,0
1764273948.0431771,1,UP,UP,0,0
1764273948.0744753,1,UP,UP,0,0
1764273948.107422,1,UP,UP,0,0
1764273948.1449604,1,UP,UP,0,0
1764273948.1742823,1,UP,UP,0,0
1764273948.2066252,1,UP,UP,0,0
1764273948.2441256,1,UP,UP,0,0
1764273948.2746112,1,UP,UP,0,0
1764273948.3074362,1,UP,UP,0,0
1764273948.3434577,1,UP,UP,0,0
1764273948.37476,1,UP,UP,0,0
1764273948.40677,1,UP,UP,0,0
1764273948.4394307,1,UP,UP,0,0
1764273948.475051,1,UP,UP,0,0
1764273948.506822,1,UP,UP,0,0
1764273948.5384512,1,UP,UP,0,0
1764273948.5763288,1,UP,UP,0,0
1764273948.6071472,1,UP,UP,0,0
1764273948.6397479,1,UP,UP,0,0
1764273948.6756968,1,UP,UP,0,0
1764273948.7069068,1,UP,UP,0,0
1764273948.739284,1,UP,UP,0,0
1764273948.776635,1,UP,UP,0,0
1764273948.8069067,1,UP,UP,0,0
1764273948.838794,1,UP,UP,0,0
1764273948.8751702,1,UP,UP,0,0
1764273948.907005,1,UP,UP,0,0
1764273948.9388595,1,UP,UP,0,0
1764273948.9709451,1,UP,UP,0,0
1764273949.0092628,1,UP,UP,0,0
1764273949.0386748,1,UP,UP,0,1
1764273949.071027,1,UP,UP,0,1
1764273949.1066108,1,UP,UP,0,1
1764273949.1385875,1,UP,UP,0,1
1764273949.1708002,1,UP,UP,0,1
1764273949.2071884,1,UP,UP,0,1
1764273949.2392893,1,UP,UP,0,1
1764273949.271017,1,UP,UP,0,1
1764273949.3068492,1,UP,UP,0,1
1764273949.3387446,1,UP,UP,0,1
1764273949.3705196,1,UP,UP,0,1
1764273949.4079986,1,UP,UP,0,1
1764273949.4390433,1,UP,UP,0,1
1764273949.4707646,1,UP,UP,0,1
1764273949.503573,1,UP,UP,0,1
1764273949.539832,1,UP,UP,0,1
1764273949.5706317,1,UP,UP,0,1
1764273949.6033175,1,UP,UP,0,1
1764273949.640054,1,UP,UP,0,1
1764273949.6703572,1,UP,UP,0,1
1764273949.7029965,1,UP,UP,0,1
1764273949.739328,1,UP,UP,0,1
1764273949.7714384,1,UP,UP,0,1
1764273949.8029552,1,UP,UP,0,1
1764273949.8393672,1,UP,UP,0,1
1764273949.870968,1,UP,UP,0,1
1764273949.9027061,1,UP,UP,0,1
1764273949.9398038,1,UP,UP,0,1
1764273949.9709153,1,UP,UP,0,1
1764273950.0038743,1,UP,UP,0,1
1764273950.0393715,1,UP,UP,0,1
1764273950.0719106,1,UP,UP,0,1
1764273950.1029265,1,UP,UP,0,1
1764273950.1352224,1,UP,UP,0,1
1764273950.1711798,1,UP,UP,0,1
1764273950.2025788,1,UP,UP,0,1
1764273950.234362,1,UP,UP,0,1
1764273950.2703803,1,UP,UP,0,1
1764273950.303196,1,UP,UP,0,1
1764273950.3354719,1,UP,UP,0,1
1764273950.3707154,1,UP,UP,0,1
1764273950.40279,1,UP,UP,0,1
1764273950.4351377,1,UP,UP,0,1
1764273950.4709904,1,UP,UP,0,1
1764273950.502709,1,UP,UP,0,1
1764273950.534381,1,UP,UP,0,1
1764273950.5704658,1,UP,UP,0,1
1764273950.6027687,1,UP,UP,0,1
1764273950.6346004,1,UP,UP,0,1
1764273950.666681,1,UP,UP,0,1
1764273950.7029126,1,UP,UP,0,1
1764273950.7354772,1,UP,UP,0,1
1764273950.7683756,1,UP,UP,0,1
1764273950.802703,1,UP,UP,0,1
1764273950.8352547,1,UP,UP,0,1
1764273950.8668938,1,UP,UP,0,1
